POT_MW,ALT_TOTAL,ALT_TORRE,DIAM_ROTOR,DATA_ATUALIZACAO,EOL_VERSAO_ID,NOME_EOL,DEN_AEG,X,Y,VERSAO,DATUM_EMP,OPERACAO,FUSO_AG,PROPRIETARIO,OBJECTID,UF,CEG,LONG,LAT,SETOR
4.2,200.0,125.0,150.0,1689010846000,37294,Jerusalém I,JER-I-01,820728.0,9379055.0,Versão Válida,SIRGAS2000,Sim,UTM 24 S (MER -39),Central Eólica Jerusalém I S.A.,376,RN,EOLCVRN037294-3-01,-36.10513381199996,-5.610533140999962,Nordeste
1.65,111.0,70.0,82.0,1689006401000,29019,Santa Maria,STM-01,214119.0,9082650.0,Versão Válida,SIRGAS2000,Sim,UTM 25 S (MER -33),Eólica Gravatá - Geradora de Energia S.A.,389,PE,EOLCVPE029019-0-01,-35.595234964999975,-8.290523836999967,Nordeste
1.68,130.0,80.0,100.0,1673367898000,30768,Maron,AEG-06,758846.0,8435790.0,Versão Válida,SIRGAS2000,Sim,UTM 23 S (MER -45),Centrais Eólicas Maron S.A.,640,BA,EOLCVBA030768-8-01,-42.60226540299993,-14.13707840099994,Nordeste
2.3,149.0,108.0,82.0,1673367898000,30286,Osório 2,OS2-03,572445.861,6686491.184,Versão Válida,WGS84,Sim,UTM 22 S (MER -51),Ventos do Litoral Energia  S.A.,323,RS,EOLCVRS030286-4-01,-50.249243587999956,-29.950242568999954,Sul
2.7,150.0,89.0,122.0,1673359590000,32106,Juazeiro,JUA - 07,749597.0,8469123.0,Versão Válida,SIRGAS2000,Sim,UTM 23 S (MER -45),Centrais Eólicas Juazeiro S.A.,49,BA,EOLCVBA032106-0-01,-42.69089774799994,-13.836767025999961,Nordeste
2.7,151.0,90.0,122.0,1673349921000,32090,Amescla,2,748199.0,8469513.0,Versão Válida,SIRGAS2000,Sim,UTM 23 S (MER -45),Centrais Eólicas Amescla S.A.,814,BA,EOLCVBA032090-0-01,-42.70385828899998,-13.833364912999969,Nordeste
2.0,145.0,95.0,100.0,1666625847000,30527,Renascença III,UG9,177982.038,9413603.17,Versão Válida,SIRGAS2000,Sim,UTM 25 S (MER -33),Energisa Geração - Central Eólica Renascença III S.A.,998,RN,EOLCVRN030527-8-01,-35.90496968499997,-5.2983508359999405,Nordeste
3.0,162.5,100.0,125.0,1666625847000,31482,Itarema V,5,402097.0,9671304.0,Versão Válida,SIRGAS2000,Sim,UTM 24 S (MER -39),Eólica Itarema V S.A.,62,CE,EOLCVCE031482-0-01,-39.880972966999934,-2.973435773999938,Nordeste
1.5,141.45,100.0,82.9,1666625847000,30296,Barra dos Coqueiros,WT 20,727119.0,8805669.0,Versão Válida,SIRGAS2000,Sim,UTM 24 S (MER -39),Energen Energias Renováveis S.A.,40,SE,EOLCVSE030296-1-01,-36.922823456999936,-10.797232702999963,Nordeste
1.5,138.5,100.0,77.0,1666625847000,29051,Púlpito,AEG 3,634703.775499,6849627.8697535,Versão Válida,SIRGAS2000,Sim,UTM 22 S (MER -51),Púlpito Energia Eólica S.A.,975,SC,EOLCVSC029051-3-01,-49.62399768399996,-28.47300075199996,Sul
2.1,124.0,80.0,88.0,1666625847000,28699,Icaraizinho,AEG 21,424086.0,9666575.0,Versão Válida,SIRGAS2000,Sim,UTM 24 S (MER -39),CPFL Energias Renováveis S.A.,950,CE,EOLCVCE028699-0-01,-39.68314143599997,-3.0163467529999366,Nordeste
1.6,121.25,80.0,82.5,1666625847000,30498,Asa Branca IV,AB-IV05,168001.0,9409690.0,Versão Válida,SIRGAS2000,Sim,UTM 25 S (MER -33),Asa Branca IV Energias Renováveis Ltda.,16,RN,EOLCVRN030498-0-01,-35.99512647199998,-5.3332630009999775,Nordeste
2.35,130.0,80.0,100.0,1666625847000,30801,Joana,AEG4,757836.0,8460335.0,Versão Válida,SIRGAS2000,Sim,UTM 23 S (MER -45),Enel Green Power Joana Eólica S.A.,1000,BA,EOLCVBA030801-3-01,-42.61391024499994,-13.915429958999937,Nordeste
1.85,121.25,80.0,82.5,1666625847000,30739,Caititu,CAI-083,754125.0,8398879.0,Versão Válida,WGS84,Sim,UTM 23 S (MER -45),Central Eólica Caititu S.A.,1,BA,EOLCVBA030739-4-01,-42.642494529999965,-14.470967592999955,Nordeste
2.0,145.0,95.0,100.0,1666625847000,30512,Dreen Boa Vista,BV07,175728.0,9433802.0,Versão Válida,SIRGAS2000,Sim,UTM 25 S (MER -33),GE Boa Vista S.A.,2,RN,EOLCVRN030512-0-01,-35.924468564999984,-5.1157539649999535,Nordeste
2.0,145.0,95.0,100.0,1666625847000,30497,Renascença V,15,184692.0,9417056.0,Versão Válida,SIRGAS2000,Sim,UTM 25 S (MER -33),Renascença V Energias Renováveis S.A.,3,RN,EOLCVRN030497-2-01,-35.84437289899995,-5.267423835999978,Nordeste
2.7,150.0,89.0,122.0,1666625847000,30864,SM,1,176028.0,9397684.0,Versão Válida,SIRGAS2000,Sim,UTM 25 S (MER -33),Santa Maria Energias Renováveis S.A.,4,RN,EOLCVRN030864-1-01,-35.92329442299996,-5.442081616999928,Nordeste
2.0,147.2,97.2,100.0,1666625847000,30756,Cerro Chato VI,8,627337.46,6591690.658,Versão Válida,SIRGAS2000,Sim,UTM 21 S (MER -57),Eólica Cerro Chato VI S.A.,9,RS,EOLCVRS030756-4-01,-55.66896247999995,-30.801034310999967,Sul
1.6,121.0,80.0,82.0,1666625847000,30301,Morro dos Ventos I,AG_09_MV1,186686.02,9405777.69,Versão Válida,SIRGAS2000,Sim,UTM 25 S (MER -33),Desa Morro dos Ventos I S.A,10,RN,EOLCVRN030301-1-01,-35.82686507699998,-5.369410412999969,Nordeste
2.1,137.5,90.0,95.0,1666625847000,30332,Faísa III,4,471034.0,9630338.0,Versão Válida,SIRGAS2000,Sim,UTM 24 S (MER -39),Eólica Faísa III Geração e Comercialização de Energia Ltda.,12,CE,EOLCVCE030332-1-01,-39.26075033999996,-3.3443751729999462,Nordeste
2.3,130.5,80.0,101.0,1666625847000,30672,Costa Branca,CBR-09,184316.0,9403331.0,Versão Válida,SIRGAS2000,Sim,UTM 25 S (MER -33),SPE Costa Branca Energia S.A.,13,RN,EOLCVRN030672-0-01,-35.848333631999935,-5.391417572999956,Nordeste
0.6,86.6,64.6,44.0,1666625847000,28793,Água Doce,AEG 2,431694.58,7058321.0,Versão Válida,SAD69,Sim,UTM 22 S (MER -51),CENAEEL - Central Nacional de Energia Eólica S.A.,14,SC,EOLCVSC028793-8-01,-51.68682705499998,-26.594797522999954,Sul
2.1,121.5,77.5,88.0,1666625847000,28887,Bons Ventos,NBV-21,638374.997,9508461.737,Versão Válida,SIRGAS2000,Sim,UTM 24 S (MER -39),BVP Geradora de Energia S.A.,15,CE,EOLCVCE028887-0-01,-37.75282865899993,-4.445955001999948,Nordeste
2.3,149.0,108.0,82.0,1666625847000,30381,Sangradouro 2,SG2-07,569997.366,6688815.152,Versão Válida,SIRGAS2000,Sim,UTM 22 S (MER -51),Ventos da Lagoa Energia S.A.,962,RS,EOLCVRS030381-0-01,-50.274767752999935,-29.929413262999958,Sul
2.3,154.0,108.0,92.0,1666625847000,30894,Índios 3,DI3-03,565542.515701,6684093.777042,Versão Válida,SIRGAS2000,Sim,UTM 22 S (MER -51),Ventos dos índios Energia S.A.,17,RS,EOLCVRS030894-3-01,-50.32058845599994,-29.97226911499996,Sul
1.5,138.5,100.0,77.0,1666625847000,29052,Aquibatã,AEG 2,425432.5479,7059692.0153,Versão Válida,SIRGAS2000,Sim,UTM 22 S (MER -51),Aquibatã Energia Eólica S.A.,18,SC,EOLCVSC029052-1-01,-51.748808372999974,-26.581554611999934,Sul
1.7,131.5,80.0,103.0,1666625847000,31344,Caetité A,11,771428.0,8433625.0,Versão Válida,SIRGAS2000,Sim,UTM 23 S (MER -45),Eólica Caetité A S.A.,19,BA,EOLCVBA031344-0-01,-42.485578990999954,-14.155444484999975,Nordeste
1.6,121.25,80.0,82.5,1666625847000,30328,Guanambi,GUA_2,757419.0,8428667.0,Versão Válida,SAD69,Sim,UTM 23 S (MER -45),Centrais Eólicas Guanambi Ltda.,20,BA,EOLCVBA030328-3-01,-42.61520855899994,-14.20195820899994,Nordeste
1.79,130.0,80.0,100.0,1666625847000,31559,Verace 26,AGV26-02,287104.0,6273196.0,Versão Válida,SIRGAS2000,Sim,UTM 22 S (MER -51),Eólica Hermenegildo I S.A.,22,RS,EOLCVRS031559-1-01,-53.29601915999996,-33.65982351699995,Sul
2.0,135.0,80.0,110.0,1666625847000,32523,Delfina VI,3,286379.0,8891034.0,Versão Válida,SIRGAS2000,Sim,UTM 24 S (MER -39),Enel Green Power Delfina D Eólica S.A.,23,BA,EOLCVBA032523-6-01,-40.948978703999956,-10.026417056999946,Nordeste
1.6,130.0,80.0,100.0,1666625847000,30567,União dos Ventos 6,UV6-07,193653.023,9436209.906,Versão Válida,SAD69,Sim,UTM 25 S (MER -33),Canto da Ilha Geradora Eólica S.A,24,RN,EOLCVRN030567-7-01,-35.76283818199994,-5.094696021999937,Nordeste
2.1,124.0,80.0,88.0,1666625847000,28631,Praia Formosa,AEG 14,274097.0,9678317.0,Versão Válida,SAD69,Sim,UTM 24 S (MER -39),CPFL Energias Renováveis S.A.,25,CE,EOLCVCE028631-1-01,-41.03229992299998,-2.9084921079999617,Nordeste
2.0,126.5,78.0,97.0,1666625847000,30469,REB Cassino I,11,385029.0,6432733.0,Versão Válida,SIRGAS2000,Sim,UTM 22 S (MER -51),EOL Vento Energias Renováveis S.A,26,RS,EOLCVRS030469-7-01,-52.22029784899996,-32.236170182999956,Sul
2.0,126.5,78.0,97.0,1666625847000,30911,São Jorge,SC 03,473072.0,9641222.0,Versão Válida,SIRGAS2000,Sim,UTM 24 S (MER -39),Central Eólica São Jorge S.A.,28,CE,EOLCVCE030911-7-01,-39.24238066699996,-3.245913087999952,Nordeste
2.0,149.38,108.38,82.0,1666625847000,30281,Mangue Seco 3,MS3-07,792927.0,9428121.0,Versão Válida,SAD69,Sim,UTM 24 S (MER -39),Eólica Mangue Seco 3 – Geradora e Comercializadora de Energia Elétrica S.A.,29,RN,EOLCVRN030281-3-01,-36.35780204799994,-5.168302786999959,Nordeste
3.0,178.0,120.0,116.0,1666625847000,30898,Terral,AEG-05,718874.2,9448884.0,Versão Válida,SIRGAS2000,Sim,UTM 24 S (MER -39),Usina de Energia Eólica Terral S.A.,30,RN,EOLCVRN030898-6-01,-37.02600759599994,-4.983029482999939,Nordeste
1.67,123.0,80.0,86.0,1666625847000,30339,Miassaba 3,WT05,779050.0,9432700.0,Versão Válida,SIRGAS2000,Sim,UTM 24 S (MER -39),Brasventos Miassaba 3 Geradora de Energia S.A,31,RN,EOLCVRN030339-9-01,-36.483042344999944,-5.127445499999965,Nordeste
2.0,126.5,78.0,97.0,1666625847000,30767,Chuí I,UG8,281176.85,6270261.47,Versão Válida,SIRGAS2000,Sim,UTM 22 S (MER -51),Eólica Chuí I S.A.,32,RS,EOLCVRS030767-0-01,-53.36061775799993,-33.68506513799997,Sul
2.0,145.0,95.0,100.0,1666625847000,30515,Renascença I,UG2,181390.213,9411328.003,Versão Válida,SIRGAS2000,Sim,UTM 25 S (MER -33),Energisa Geração - Central Eólica Renascença I S.A.,33,RN,EOLCVRN030515-4-01,-35.87436466799994,-5.3189858359999675,Nordeste
2.0,145.0,95.0,100.0,1666625847000,30516,Renascença II,UG14,178905.597,9412700.574,Versão Válida,SIRGAS2000,Sim,UTM 25 S (MER -33),Energisa Geração - Central Eólica Renascença II S.A.,34,RN,EOLCVRN030516-2-01,-35.89674240599993,-5.30653908499994,Nordeste
2.7,150.0,89.0,122.0,1666625847000,30874,Riachão IV,AEG 8,228791.0,9390217.0,Versão Válida,SIRGAS2000,Sim,UTM 25 S (MER -33),Central Eólica Anemoi Ltda.,35,RN,EOLCVRN030874-9-01,-35.44779591699995,-5.5116910599999756,Nordeste
1.5,123.5,85.0,77.0,1666625847000,29075,Vitória,2,277439.18,9273568.52,Versão Válida,SIRGAS2000,Sim,UTM 25 S (MER -33),Cardus Energia Ltda.,36,PB,EOLCVPB029075-0-01,-35.01281714399994,-6.567918566999936,Nordeste
2.0,123.0,78.0,90.0,1666625847000,30448,Caetité 3,C3-31,769191.833,8427588.256,Versão Válida,SIRGAS2000,Sim,UTM 23 S (MER -45),Caetité 3 Energia Renovável S.A.,38,BA,EOLCVBA030448-4-01,-42.505683629999965,-14.210191906999967,Nordeste
1.67,123.0,80.0,86.0,1666625847000,30416,Rei dos Ventos 1,RDV 14,810700.0,9435960.0,Versão Válida,SIRGAS2000,Sim,UTM 24 S (MER -39),Brasventos Eolo Geradora de Energia S.A.,39,RN,EOLCVRN030416-6-01,-36.19791496499994,-5.09680184299998,Nordeste
0.8,99.6,75.6,48.0,1666625847000,29086,Coelhos I,14,281977.0,9272712.0,Versão Válida,SAD69,Sim,UTM 25 S (MER -33),Vale dos Ventos Geradora Eólica S.A,6,PB,EOLCVPB029086-6-01,-34.972166641999934,-6.576232240999957,Nordeste
1.5,141.0,100.0,82.0,1666625847000,37209,Casa Nova A,CNA-01,278441.0,8975752.0,Versão Válida,SIRGAS2000,Sim,UTM 24 S (MER -39),Companhia Hidro Elétrica do São Francisco - CHESF,104,BA,EOLCVBA037209-9-01,-41.01681339899994,-9.260208549999959,Nordeste
2.35,130.0,80.0,100.0,1666625847000,30789,Tacaicó,AEG7,604542.0,9001496.0,Versão Válida,SIRGAS2000,Sim,UTM 24 S (MER -39),Enel Green Power Tacaicó Eólica S.A.,89,PE,EOLCVPE030789-0-01,-38.048833068999954,-9.03179881699998,Nordeste
1.5,123.5,85.0,77.0,1666625847000,30369,Quixaba,AEG 12,645742.979608,9494309.07979,Versão Válida,SIRGAS2000,Sim,UTM 24 S (MER -39),Central Eólica Quixaba S.A,90,CE,EOLCVCE030369-0-01,-37.68620266499994,-4.573841251999966,Nordeste
2.7,150.0,89.0,122.0,1666625847000,30872,Riachão VI,AEG 8,228433.0,9387057.0,Versão Válida,SIRGAS2000,Sim,UTM 25 S (MER -33),Central Eólica Apeliotes Ltda,92,RN,EOLCVRN030872-2-01,-35.45114253899993,-5.540238286999966,Nordeste
2.0,133.0,98.0,70.0,1666625847000,28811,Sangradouro,SG-09,566415.74,6689023.35,Versão Válida,SIRGAS2000,Sim,UTM 22 S (MER -51),Ventos do Sul Energia S.A.,93,RS,EOLCVRS028811-0-01,-50.31188707399997,-29.92773337699998,Sul
2.0,139.0,98.0,82.0,1666625847000,30351,Eurus VI,EU-VI-03,174833.462134,9420801.25242,Versão Válida,SIRGAS2000,Sim,UTM 25 S (MER -33),Eurus VI Energias Renováveis Ltda.,95,RN,EOLCVRN030351-8-01,-35.93307020199995,-5.23317426899996,Nordeste
2.7,150.0,89.0,122.0,1666625847000,31424,Vaqueta,VAQ_01,763880.0,8422179.0,Versão Válida,SIRGAS2000,Sim,UTM 23 S (MER -45),Centrais Eólicas Vaqueta S.A.,47,BA,EOLCVBA031424-2-01,-42.55434451199994,-14.259564688999944,Nordeste
1.5,100.0,65.0,70.0,1666625847000,28441,Volta do Rio,24,394931.14965056,9683193.25044476,Versão Válida,SAD69,Sim,UTM 24 S (MER -39),Central Eólica Volta do Rio S.A.,97,CE,EOLCVCE028441-6-01,-39.94535872999995,-2.8658339409999485,Nordeste
2.0,145.0,100.0,90.0,1666625847000,30745,Verace I,UG10,291765.0,6289037.0,Versão Válida,SIRGAS2000,Sim,UTM 22 S (MER -51),Eólica Geribatu I S.A.,101,RS,EOLCVRS030745-9-01,-53.242088975999934,-33.51797584899998,Sul
2.7,180.0,119.0,122.0,1666625847000,32010,Estrela,AG ES-06,466885.0,9639017.0,Versão Válida,SIRGAS2000,Sim,UTM 24 S (MER -39),Central Eólica Estrela S.A.,102,CE,EOLCVCE032010-2-01,-39.29807565799996,-3.2658465489999458,Nordeste
1.62,130.0,80.0,100.0,1666625847000,30889,Morro dos Ventos II,14,185564.0,9407839.0,Versão Válida,SIRGAS2000,Sim,UTM 25 S (MER -33),Desa Morro dos Ventos II S.A.,103,RN,EOLCVRN030889-7-01,-35.83689410299996,-5.350738794999927,Nordeste
2.0,149.38,108.38,82.0,1666625847000,30284,Mangue Seco 2,MS2-04,796746.0,9427647.0,Versão Válida,SAD69,Sim,UTM 24 S (MER -39),Eólica Mangue Seco 2 – Geradora e Comercializadora de Energia Elétrica S.A.,55,RN,EOLCVRN030284-8-01,-36.32336198099995,-5.172441737999975,Nordeste
2.0,126.5,78.0,97.0,1666625847000,30615,Serra de Santana III,1,775429.0,9333424.0,Versão Válida,SIRGAS2000,Sim,UTM 24 S (MER -39),Gestamp Eólica Seridó S.A.,56,RN,EOLCVRN030615-0-01,-36.51190346599998,-6.024818068999934,Nordeste
0.8,99.0,75.0,48.0,1666625847000,28174,Beberibe,WEC - 26,602928.1729,9535475.6734,Versão Válida,SAD69,Sim,UTM 24 S (MER -39),Eólica Beberibe S.A.,41,CE,EOLCVCE028174-3-01,-38.07291819499994,-4.202438126999937,Nordeste
2.1,153.7,120.0,110.0,1666625847000,30924,Santa Catarina,SC-01,645522.0,9492096.0,Versão Válida,SIRGAS2000,Sim,UTM 24 S (MER -39),Energia dos Ventos III S.A.,42,CE,EOLCVCE030924-9-01,-37.68815782499996,-4.593860764999931,Nordeste
1.85,121.25,80.0,82.5,1666625847000,30731,Teiu,TEI-029,758798.0,8414305.0,Versão Válida,WGS84,Sim,UTM 23 S (MER -45),Central Eólica Teiu S.A.,43,BA,EOLCVBA030731-9-01,-42.60066056299996,-14.331175193999968,Nordeste
3.465,150.0,84.0,132.0,1666625847000,35229,Serra do Vento,SEV - 06,277972.0,8916107.0,Versão Válida,SIRGAS2000,Sim,UTM 24 S (MER -39),Serra do Vento Energética S.A.,44,BA,EOLCVBA035229-2-01,-41.024256528999956,-9.799324703999957,Nordeste
2.5,148.0,90.0,116.0,1666625847000,33634,Umburanas 17,UMB_17_08,219078.0,8817111.0,Versão Válida,SIRGAS2000,Sim,UTM 24 S (MER -39),Centrais Eólicas Umburanas 14 Ltda.,45,BA,EOLCVBA033634-3-01,-41.568061427999965,-10.690159716999972,Nordeste
2.0,135.0,80.0,110.0,1666625847000,32524,Delfina VII,14,293051.0,8897278.0,Versão Válida,SIRGAS2000,Sim,UTM 24 S (MER -39),Enel Green Power Delfina E Eólica S.A.,46,BA,EOLCVBA032524-4-01,-40.88780379899998,-9.970325324999976,Nordeste
2.3499999,144.0,98.0,92.0,1666625847000,31519,Casa Nova II,CNII-07,273734.0,8973149.0,Versão Válida,SIRGAS2000,Sim,UTM 24 S (MER -39),Companhia Hidroelétrica do São Francisco,63,BA,EOLCVBA031519-2-01,-41.05977879499994,-9.28349359699996,Nordeste
2.7,150.0,89.0,122.0,1666625847000,31509,Pontal 2A,AERO 08,520455.0,6653371.0,Versão Válida,SIRGAS2000,Sim,UTM 22 S (MER -51),Enerplan Energia Eólica IV S.A.,50,RS,EOLCVRS031509-5-01,-50.78737903499996,-30.251100726999937,Sul
1.85,121.25,80.0,82.5,1666625847000,30753,Tamanduá Mirim,TAM-53,758357.0,8410114.0,Versão Válida,WGS84,Sim,UTM 23 S (MER -45),Central Eólica Tamanduá Mirim S.A.,51,BA,EOLCVBA030753-0-01,-42.60434392499997,-14.36907707399996,Nordeste
1.68,122.0,80.0,82.5,1666625847000,30490,Da Prata,DPT-02,755016.694944,8455073.894,Versão Válida,SIRGAS2000,Sim,UTM 23 S (MER -45),Centrais Eólicas da Prata S.A.,52,BA,EOLCVBA030490-5-01,-42.639501938999956,-13.96321434899994,Nordeste
1.6,130.0,80.0,100.0,1666625847000,30563,União dos Ventos 2,UV2-03,186268.012,9437860.741,Versão Válida,SAD69,Sim,UTM 25 S (MER -33),Torres de Pedra Geradora Eólica S.A.,53,RN,EOLCVRN030563-4-01,-35.829331870999965,-5.079507994999972,Nordeste
2.0,149.38,108.38,82.0,1666625847000,30290,Mangue Seco 5,MS5-04,787628.0,9429245.0,Versão Válida,SAD69,Sim,UTM 24 S (MER -39),Eólica Mangue Seco 4 – Geradora e Comercializadora de Energia Elétrica S.A.,54,RN,EOLCVRN030290-2-01,-36.40560682399996,-5.158342234999964,Nordeste
2.1,124.0,80.0,88.0,1666625847000,28770,Enacel,EN-04,636569.12981707,9501681.23550379,Versão Válida,SIRGAS2000,Sim,UTM 24 S (MER -39),BVP Geradora de Energia S.A.,122,CE,EOLCVCE028770-9-01,-37.76899987099995,-4.5073097119999375,Nordeste
1.68,121.25,80.0,82.5,1666625847000,30779,Ametista,AEG-07,748639.0,8432641.0,Versão Válida,SIRGAS2000,Sim,UTM 23 S (MER -45),Centrais Eólicas Ametista S.A.,123,BA,EOLCVBA030779-3-01,-42.696472462999964,-14.166452652999965,Nordeste
2.7,180.0,119.0,122.0,1666625847000,32013,Santa Mônica I,AG SM 2,468833.0,9639486.0,Versão Válida,SIRGAS2000,Sim,UTM 24 S (MER -39),Central Eólica Santa Mônica SPE S.A.,124,CE,EOLCVCE032013-7-01,-39.28054023499993,-3.2616086179999684,Nordeste
0.8,98.85,74.85,48.0,1666625847000,29041,Millennium,04,281936.0,9282022.0,Versão Válida,SAD69,Sim,UTM 25 S (MER -33),SPE Millennium Central Geradora Eólica S.A.,125,PB,EOLCVPB029041-6-01,-34.97185849599998,-6.4916322479999735,Nordeste
2.7,150.0,89.0,122.0,1666625847000,32091,Angelim,AGL - 08,753204.0,8445501.0,Versão Válida,SIRGAS2000,Sim,UTM 23 S (MER -45),Centrais Eólicas Angelim S.A.,126,BA,EOLCVBA032091-9-01,-42.65539310799994,-14.04986183099993,Nordeste
1.8,130.0,80.0,100.0,1666625847000,30501,Cabeço Preto IV,AEG09,171660.0,9396744.0,Versão Válida,SIRGAS2000,Sim,UTM 25 S (MER -33),Gestamp Eólica Moxotó S.A,128,RN,EOLCVRN030501-4-01,-35.962711173999935,-5.450377410999977,Nordeste
2.1,150.0,93.0,114.0,1666625847000,31372,Ventos de Santo Dimas,DIM-07,192186.0,9421683.0,Versão Válida,SIRGAS2000,Sim,UTM 25 S (MER -33),Ventos de Santo Dimas Energias Renováveis S.A.,130,RN,EOLCVRN031372-6-01,-35.77663941399993,-5.2259200979999605,Nordeste
2.0,126.5,78.0,97.0,1666625847000,31337,Maniçoba,Maniçoba 06,232530.0,8685551.0,Versão Válida,SIRGAS2000,Não,UTM 24 S (MER -39),Enel Green Power Maniçoba Eólica S.A.,132,BA,EOLCVBA031337-8-01,-41.45525464199994,-11.87985877999995,Nordeste
1.6,121.25,80.0,82.5,1666625847000,30322,Planaltina,PLA_17,755007.0,8454593.0,Versão Válida,SAD69,Sim,UTM 23 S (MER -45),Centrais Eólicas Planaltina S.A.,133,BA,EOLCVBA030322-4-01,-42.63995219599997,-13.96795825099997,Nordeste
1.7,130.0,80.0,100.0,1666625847000,31422,Ventos de Santa Brígida VII,BR7-10,747905.0,9021818.0,Versão Válida,SIRGAS2000,Sim,UTM 24 S (MER -39),Ventos de Santa Brigida VII Energias Renováveis S.A,134,PE,EOLCVPE031422-6-01,-36.74607944099995,-8.842433784999969,Nordeste
2.1,150.0,93.0,114.0,1666625847000,31412,Ventos de São Martinho,7,190910.0,9414434.0,Versão Válida,SIRGAS2000,Sim,UTM 25 S (MER -33),Ventos de São Martinho Energias Renováveis S.A.,74,RN,EOLCVRN031412-9-01,-35.78843204999998,-5.291369351999947,Nordeste
2.0,126.5,78.0,97.0,1666625847000,30468,REB Cassino III,9,383393.0,6434740.0,Versão Válida,SIRGAS2000,Sim,UTM 22 S (MER -51),EOL Brisa Energias Renováveis S.A.,75,RS,EOLCVRS030468-9-01,-52.237413507999975,-32.21789943699997,Sul
1.5,123.5,85.0,77.0,1666625847000,30282,Coqueiros,16,391641.0,9682012.0,Versão Válida,SIRGAS2000,Sim,UTM 24 S (MER -39),Nova Eólica Coqueiro S.A.,76,CE,EOLCVCE030282-1-01,-39.974968125999965,-2.87649431899996,Nordeste
2.0,126.5,78.0,97.0,1666625847000,30790,Chuí II,UG18,279325.73,6270934.72,Versão Válida,SIRGAS2000,Sim,UTM 22 S (MER -51),Eólica Chuí II S.A.,77,RS,EOLCVRS030790-4-01,-53.38040493799997,-33.67861507199996,Sul
2.1,124.0,80.0,88.0,1666625847000,28649,Canoa Quebrada,V4,644428.29356,9498143.39092,Versão Válida,SIRGAS2000,Sim,UTM 24 S (MER -39),Rosa dos Ventos Geração e Comercialização de Energia S.A.,79,CE,EOLCVCE028649-4-01,-37.69811419399997,-4.53918389699993,Nordeste
1.5,138.5,100.0,77.0,1666625847000,29069,Amparo,AEG 11,438675.492,7057854.274,Versão Válida,SIRGAS2000,Sim,UTM 22 S (MER -51),Amparo Energia Eólica S.A.,80,SC,EOLCVSC029069-6-01,-51.615918395999984,-26.59878419699993,Sul
1.65,111.0,70.0,82.0,1666625847000,28730,Gargaú,WTG1,284336.174,7612839.948,Versão Válida,SIRGAS2000,Sim,UTM 24 S (MER -39),Gargaú Energética S.A.,81,RJ,EOLCVRJ028730-0-01,-41.08284536799994,-21.574406546999967,Sudeste
4.2,195.0,120.0,150.0,1666625847000,36979,Vila Piauí III,VPI-III-2,714751.0,9435306.0,Versão Válida,SIRGAS2000,Sim,UTM 24 S (MER -39),Vila Piauí 3 Empreendimentos e Participações S.A.,82,RN,EOLCVRN036979-9-01,-37.062815530999956,-5.105904271999975,Nordeste
2.0,138.5,90.0,97.0,1666625847000,30830,Porto Salgado,B-05,196028.0,9687016.0,Versão Válida,SIRGAS2000,Sim,UTM 24 S (MER -39),Porto Salgado Energia S.A.,83,PI,EOLCVPI030830-7-01,-41.733989159999965,-2.8284017789999325,Nordeste
2.1,175.0,120.0,110.0,1666625847000,32355,Paraíso dos Ventos do Nordeste,PV04,174725.0,9439247.0,Versão Válida,SIRGAS2000,Sim,UTM 25 S (MER -33),Usina de Energia Eólica Paraíso dos Ventos do Nordeste S.A.,84,RN,EOLCVRN032355-1-01,-35.93328308699995,-5.066518866999957,Nordeste
2.0,145.0,100.0,90.0,1666625847000,30844,Minuano I,UG9,276715.0,6264551.1,Versão Válida,SIRGAS2000,Sim,UTM 22 S (MER -51),Eólica Chuí VI S.A.,85,RS,EOLCVRS030844-7-01,-53.41015231499995,-33.73559457199997,Sul
2.7,150.0,89.0,122.0,1666625847000,31406,Taboquinha,TBQ - 02,748019.0,8461472.0,Versão Válida,SIRGAS2000,Sim,UTM 23 S (MER -45),Centrais Eólicas Taboquinha S.A.,86,BA,EOLCVBA031406-4-01,-42.70480824599997,-13.906029313999966,Nordeste
1.85,121.25,80.0,82.5,1666625847000,30732,Angical,ANG-020,757931.0,8412135.0,Versão Válida,WGS84,Sim,UTM 23 S (MER -45),Central Eólica Angical S.A.,87,BA,EOLCVBA030732-7-01,-42.608485617999975,-14.350859679999928,Nordeste
2.0,149.38,108.0,82.0,1666625847000,30349,Cerro Chato II,AEG 7,624476.3171,6587483.5374,Versão Válida,SIRGAS2000,Sim,UTM 21 S (MER -57),Eletrosul Centrais Elétricas S.A.,154,RS,EOLCVRS030349-6-01,-55.698285761999955,-30.839302823999958,Sul
2.3,139.0,98.0,82.0,1666625847000,30334,Fazenda Rosário 3,1,555428.0,6630926.0,Versão Válida,SIRGAS2000,Sim,UTM 22 S (MER -51),Parques Eólicos Palmares S.A.,155,RS,EOLCVRS030334-8-01,-50.42267236999999,-30.45254255699996,Sul
1.6,121.25,80.0,82.5,1666625847000,30324,Pindaí,PND_8,752548.0,8428337.0,Versão Válida,SAD69,Sim,UTM 23 S (MER -45),Centrais Eólicas Pindaí S.A.,156,BA,EOLCVBA030324-0-01,-42.66028489699994,-14.205384891999927,Nordeste
3.0,129.9,75.0,109.8,1666625847000,31402,Abil,ABL_01,765036.0,8420144.0,Versão Válida,SIRGAS2000,Sim,UTM 23 S (MER -45),Centrais Eólicas Abil S.A.,157,BA,EOLCVBA031402-1-01,-42.54343832199993,-14.277837631999944,Nordeste
1.79,130.0,80.0,100.0,1666625847000,31578,Verace 28,AGV28-06,282010.0,6275376.0,Versão Válida,SIRGAS2000,Sim,UTM 22 S (MER -51),Eólica Hermenegildo II S.A.,159,RS,EOLCVRS031578-8-01,-53.35038217799996,-33.639145362999955,Sul
2.7,180.0,119.0,122.0,1666625847000,32011,Cacimbas 1,AG CA-03,469083.0,9641340.0,Versão Válida,SIRGAS2000,Sim,UTM 24 S (MER -39),Central Eólica Cacimbas S.A.,160,CE,EOLCVCE032011-0-01,-39.27828535499998,-3.2448362669999256,Nordeste
2.5,148.0,90.0,116.0,1666625847000,31740,Umburanas 02,UMB_02_10,226762.0,8821070.0,Versão Válida,SIRGAS2000,Sim,UTM 24 S (MER -39),Centrais Eólicas Umburanas 2 S.A.,161,BA,EOLCVBA031740-3-01,-41.497572574999936,-10.654957706999937,Nordeste
2.0,121.5,78.0,87.0,1666625847000,30511,Calango 1,CAL1-8,772122.0,9332848.631,Versão Válida,SIRGAS2000,Sim,UTM 24 S (MER -39),Calango 1 Energia Renovável S.A.,162,RN,EOLCVRN030511-1-01,-36.542069236999964,-6.030549889999975,Nordeste
1.6,130.0,80.0,100.0,1666625847000,30566,União dos Ventos 5,12,192049.45,9437036.47,Versão Válida,SAD69,Sim,UTM 25 S (MER -33),Morro dos Ventos Geradora Eólica S.A,164,RN,EOLCVRN030566-9-01,-35.77726681499996,-5.087182514999938,Nordeste
1.6,120.0,80.0,82.0,1666625847000,30503,Eurus I,AG_04_EU1,182814.983047,9406666.98795,Versão Válida,SIRGAS2000,Sim,UTM 25 S (MER -33),Desa Eólica S.A.,165,RN,EOLCVRN030503-0-01,-35.86170961499994,-5.3612042399999496,Nordeste
2.1,175.0,120.0,110.0,1666625847000,33647,São Miguel III,SM III 08,166122.0,9428676.0,Versão Válida,SIRGAS2000,Sim,UTM 25 S (MER -33),Central Geradora Eólica São Miguel III S.A.,167,RN,EOLCVRN033647-5-01,-36.01123876199995,-5.161661134999974,Nordeste
2.0,138.5,90.0,97.0,1666625847000,30609,Serra de Santana II,8,768442.0,9326863.0,Versão Válida,SIRGAS2000,Sim,UTM 24 S (MER -39),Gestamp Eólica Lagoa Nova S.A.,168,RN,EOLCVRN030609-6-01,-36.57471726799997,-6.084401711999931,Nordeste
1.68,122.0,80.0,82.5,1666625847000,30778,Dourados,DOU-05,749228.682368,8434507.87348,Versão Válida,SIRGAS2000,Sim,UTM 23 S (MER -45),Centrais Eólicas Dourados S.A.,105,BA,EOLCVBA030778-5-01,-42.691182939999976,-14.149533882999947,Nordeste
1.7,131.5,80.0,103.0,1666625847000,31523,Caetité C,3,772657.0,8438481.0,Versão Válida,SIRGAS2000,Sim,UTM 23 S (MER -45),Eólica Caetité C S.A.,106,BA,EOLCVBA031523-0-01,-42.47468589299996,-14.111460440999963,Nordeste
1.79,130.0,80.0,100.0,1666625847000,31561,Verace 24,AGV24-02,287098.0,6274349.0,Versão Válida,SIRGAS2000,Sim,UTM 22 S (MER -51),Eólica Hermenegildo I S.A.,107,RS,EOLCVRS031561-3-01,-53.295807742999955,-33.649431291999974,Sul
2.1,124.0,80.0,88.0,1666625847000,30336,Embuaca,AEG13,463239.0,9642914.0,Versão Válida,SIRGAS2000,Sim,UTM 24 S (MER -39),Embuaca Geração e Comercialização de Energia S.A,109,CE,EOLCVCE030336-4-01,-39.33088230799996,-3.230580583999938,Nordeste
1.6,121.25,80.0,82.5,1666625847000,30319,Pajeú do Vento,PVE_14,755298.0,8450874.0,Versão Válida,SAD69,Sim,UTM 23 S (MER -45),Centrais Eólicas Pajeú do Vento S.A.,110,BA,EOLCVBA030319-4-01,-42.636917093999955,-14.001530636999973,Nordeste
2.1,175.0,120.0,110.0,1666625847000,31866,Santo Inácio IV,SIIV-01,687716.0,9475009.0,Versão Válida,SIRGAS2000,Sim,UTM 24 S (MER -39),Central Eólica Santo Inácio IV S.A.,113,CE,EOLCVCE031866-3-01,-37.30751910699996,-4.7475727669999515,Nordeste
1.6,121.0,80.0,82.0,1666625847000,30311,Morro dos Ventos IV,AG_05_MV4,180537.75,9403685.02,Versão Válida,SIRGAS2000,Sim,UTM 25 S (MER -33),Desa Morro dos Ventos IV S.A,115,RN,EOLCVRN030311-9-01,-35.88237964999996,-5.388058495999928,Nordeste
1.6,121.0,80.0,82.0,1666625847000,30300,Morro dos Ventos VI,AG_06_MV6,180528.15,9407534.98,Versão Válida,SIRGAS2000,Sim,UTM 25 S (MER -33),Desa Morro dos Ventos VI S.A,118,RN,EOLCVRN030300-3-01,-35.88230265599998,-5.3532736519999276,Nordeste
2.0,123.0,78.0,90.0,1666625847000,30622,Arizona 1,11,235742.29683257,9413413.26275412,Versão Válida,SAD69,Sim,UTM 25 S (MER -33),Arizona 1 Energia Renovável S.A.,120,RN,EOLCVRN030622-3-01,-35.38427333699997,-5.302283508999949,Nordeste
2.1,143.7,96.2,95.0,1666625847000,28857,Taíba Águia,AEG-07,512336.73,9609285.25,Versão Válida,SIRGAS2000,Sim,UTM 24 S (MER -39),Central Geradora Eólica Taíba Águia S.A,186,CE,EOLCVCE028857-8-01,-38.889276405999965,-3.5352421849999587,Nordeste
3.0,178.0,120.0,116.0,1666625847000,30461,Atlântica IV,IV-10,563779.0,6645999.0,Versão Válida,SIRGAS2000,Sim,UTM 22 S (MER -51),Atlântica IV Parque Eólico S.A.,187,RS,EOLCVRS030461-1-01,-50.33661391199996,-30.316117902999963,Sul
2.0,138.5,90.0,97.0,1666625847000,31338,Damascena,Damascena 04,230165.0,8687536.0,Versão Válida,SIRGAS2000,Sim,UTM 24 S (MER -39),Enel Green Power Damascena Eólica S.A.,188,BA,EOLCVBA031338-6-01,-41.47678813699997,-11.861734918999957,Nordeste
0.8,99.6,75.6,48.0,1666625847000,29087,Coelhos III,54,281186.0,9273330.0,Versão Válida,SAD69,Sim,UTM 25 S (MER -33),Vale dos Ventos Geradora Eólica S.A,191,PB,EOLCVPB029087-4-01,-34.97929562999997,-6.570616797999946,Nordeste
2.0,139.0,98.0,82.0,1666625847000,30292,Santa Clara I,SC-I-13,178713.48,9417883.88,Versão Válida,SIRGAS2000,Sim,UTM 25 S (MER -33),Santa Clara I Energias Renováveis Ltda.,192,RN,EOLCVRN030292-9-01,-35.89822380299995,-5.25969529799994,Nordeste
1.6,130.0,80.0,100.0,1666625847000,30562,União dos Ventos 1,UV1-04,184753.004,9438343.743,Versão Válida,SAD69,Sim,UTM 25 S (MER -33),Energia Potiguar Geradora Eólica S.A.,194,RN,EOLCVRN030562-6-01,-35.84296420199996,-5.075083839999934,Nordeste
2.1,136.5,89.0,95.0,1666625847000,30340,Areia Branca,UG2,732621.0,9450852.0,Versão Válida,SIRGAS2000,Sim,UTM 24 S (MER -39),Eólica Bela Vista Geração e Comercialização de Energia S.A.,137,RN,EOLCVRN030340-2-01,-36.90213821999998,-4.964853974999926,Nordeste
2.3,149.0,108.0,82.0,1666625847000,30449,Osório 3,OS3-08,571739.09,6681775.47,Versão Válida,WGS84,Sim,UTM 22 S (MER -51),Ventos do Litoral Energia S.A.,138,RS,EOLCVRS030449-2-01,-50.25625043399998,-29.992838159999962,Sul
0.8,99.0,75.0,48.0,1666625847000,28424,RN 15 - Rio do Fogo,1.27,234773.0,9410672.0,Versão Válida,SIRGAS2000,Sim,UTM 25 S (MER -33),Energias Renováveis do Brasil S.A.,139,RN,EOLCVRN028424-6-01,-35.39310938099993,-5.327026892999925,Nordeste
1.85,121.25,80.0,82.5,1666625847000,30752,Corrupião,COR-012,759892.0,8417870.0,Versão Válida,WGS84,Sim,UTM 23 S (MER -45),Central Eólica Corrupião S.A.,142,BA,EOLCVBA030752-1-01,-42.59086795999997,-14.298867263999966,Nordeste
2.3499999,144.0,98.0,92.0,1666625847000,31524,Casa Nova III,CNIII-06,266881.0,8968512.0,Versão Válida,SIRGAS2000,Sim,UTM 24 S (MER -39),Companhia Hidroelétrica do São Francisco,146,BA,EOLCVBA031524-9-01,-41.12238783699996,-9.325041194999926,Nordeste
1.7,130.0,80.0,100.0,1666625847000,31365,Ventos de Santa Brígida I,BR1-05,746373.0,9024716.0,Versão Válida,SIRGAS2000,Sim,UTM 24 S (MER -39),Ventos de Santa Brígida I Energias Renováveis S.A.,147,PE,EOLCVPE031365-3-01,-36.76015895699993,-8.81632454499993,Nordeste
2.0,126.5,78.0,97.0,1666625847000,30625,Serra de Santana I,4,767720.0,9330326.0,Versão Válida,SIRGAS2000,Sim,UTM 24 S (MER -39),Gestamp Eólica Serra de Santana S.A.,149,RN,EOLCVRN030625-8-01,-36.58137597399997,-6.053131729999961,Nordeste
2.1,124.0,80.0,88.0,1666625847000,28788,Canoa Quebrada,UGE 07,639087.86,9506495.14,Versão Válida,SIRGAS2000,Sim,UTM 24 S (MER -39),BVP Geradora de Energia S.A.,152,CE,EOLCVCE028788-1-01,-37.74637458099994,-4.4637311309999745,Nordeste
2.5,148.0,90.0,116.0,1666625847000,31742,Umburanas 10,UMB_10_02,215962.0,8821303.0,Versão Válida,SIRGAS2000,Sim,UTM 24 S (MER -39),Centrais Eólicas Umburanas 8 Ltda.,218,BA,EOLCVBA031742-0-01,-41.59620477699997,-10.65205007399993,Nordeste
2.3,139.0,98.0,82.0,1666625847000,28855,Palmares,PA 01,558825.0,6630728.0,Versão Válida,SIRGAS2000,Sim,UTM 22 S (MER -51),Parques Eólicos Palmares S.A.,220,RS,EOLCVRS028855-1-01,-50.38728127599995,-30.454168442999958,Sul
2.0,135.0,80.0,110.0,1666625847000,33648,Ventos da Santa Dulce,AEG 14,247330.0,8715592.0,Versão Válida,SIRGAS2000,Sim,UTM 24 S (MER -39),Enel Green Power Morro do Chapéu II Eólica S.A.,221,BA,EOLCVBA033648-3-01,-41.31720709199993,-11.609553052999956,Nordeste
3.0,182.5,120.0,125.0,1666625847000,31814,Itarema IX,ITA-IX-09,399491.0,9672053.0,Versão Válida,SIRGAS2000,Sim,UTM 24 S (MER -39),Eólica Itarema IX S.A.,222,CE,EOLCVCE031814-0-01,-39.90185004399996,-2.9542142839999315,Nordeste
1.6,121.25,80.0,82.5,1666625847000,30321,Igaporã,IGA_13,752810.0,8465406.0,Versão Válida,SAD69,Sim,UTM 23 S (MER -45),Centrais Eólicas Igaporã Ltda.,224,BA,EOLCVBA030321-6-01,-42.66125931399995,-13.870464794999975,Nordeste
0.9,99.0,77.0,44.0,1666625847000,28731,Pedra do Sal,WEC-6,198016.279,9687822.045,Versão Válida,SAD69,Sim,UTM 24 S (MER -39),Eólica Pedra do Sal S.A.,209,PI,EOLCVPI028731-8-01,-41.71609296799994,-2.8211501709999425,Nordeste
2.0,123.0,78.0,90.0,1666625847000,30545,Calango 3,CAL3-10,771601.0,9330325.0,Versão Válida,SIRGAS2000,Sim,UTM 24 S (MER -39),Calango 3 Energia Renovável S.A.,226,RN,EOLCVRN030545-6-01,-36.54667015499996,-6.0533797599999275,Nordeste
2.1,153.7,120.0,110.0,1666625847000,30925,Ventos de Horizonte,HO-06,645770.0,9487474.0,Versão Válida,SIRGAS2000,Sim,UTM 24 S (MER -39),Energia dos Ventos X S.A.,228,CE,EOLCVCE030925-7-01,-37.685845677999964,-4.635659542999974,Nordeste
2.1,175.0,120.0,110.0,1666625847000,32356,Potiguar,PO07,178060.0,9437338.0,Versão Válida,SIRGAS2000,Sim,UTM 25 S (MER -33),Usina de Energia Eólica Potiguar S.A.,229,RN,EOLCVRN032356-0-01,-35.903311954999936,-5.083902168999941,Nordeste
3.0,129.9,75.0,109.8,1666625847000,31403,Tabua,TAB - 03,761877.0,8415613.0,Versão Válida,SIRGAS2000,Sim,UTM 23 S (MER -45),Centrais Eólicas Tabua S.A.,230,BA,EOLCVBA031403-0-01,-42.57226013299993,-14.319069061999926,Nordeste
3.0,136.0,75.0,122.0,1666625847000,31407,Folha de Serra,FDS - 01,760974.0,8390553.0,Versão Válida,SIRGAS2000,Sim,UTM 23 S (MER -45),Centrais Eólicas Folha da Serra S.A.,231,BA,EOLCVBA031407-2-01,-42.57817870699995,-14.545535342999926,Nordeste
2.2,150.0,95.0,110.0,1666625847000,33666,Boa Esperança I,BE_9,169912.9999,9387286.0,Versão Válida,SIRGAS2000,Sim,UTM 25 S (MER -33),Eólica Boa Esperança I S.A.,217,RN,EOLCVRN033666-1-01,-35.97888843599998,-5.535748933999969,Nordeste
3.0,178.0,120.0,116.0,1666625847000,31484,Itarema III,5,406761.0,9673384.0,Versão Válida,SIRGAS2000,Sim,UTM 24 S (MER -39),Eólica Itarema III S.A.,170,CE,EOLCVCE031484-6-01,-39.838993235999965,-2.9546527499999797,Nordeste
2.3,139.0,98.0,82.0,1666625847000,30478,Fazenda Rosário 2,1,557186.0,6630297.0,Versão Válida,SIRGAS2000,Sim,UTM 22 S (MER -51),Parques Eólicos Palmares S.A.,171,RS,EOLCVRS030478-6-01,-50.40432766699996,-30.45813603499994,Sul
1.5,138.5,100.0,77.0,1666625847000,29062,Bom Jardim,UG 4,639311.315,6855220.3105,Versão Válida,SIRGAS2000,Sim,UTM 22 S (MER -51),Bom Jardim Energia Eólica S.A.,172,SC,EOLCVSC029062-9-01,-49.57761879499998,-28.422050773999956,Sul
1.7,130.0,80.0,100.0,1666625847000,31353,Ventos de Santa Brígida VI,BR6-11,745269.0,9018228.0,Versão Válida,SIRGAS2000,Sim,UTM 24 S (MER -39),Ventos de Santa Brígida VI Energias Renováveis S.A.,173,PE,EOLCVPE031353-0-01,-36.769837431999974,-8.87502453299993,Nordeste
2.0,126.5,78.0,97.0,1666625847000,30760,Chuí V,UG49,276439.3,6270572.66,Versão Válida,SIRGAS2000,Sim,UTM 22 S (MER -51),Eólica Chuí V S.A,176,RS,EOLCVRS030760-2-01,-53.41160794799998,-33.681274206999944,Sul
2.7,150.0,89.0,122.0,1666625847000,30842,Corredor do Senandes II,S2-06,374440.0,6414512.0,Versão Válida,SIRGAS2000,Sim,UTM 22 S (MER -51),NCER Eólica Corredor do Senandes 2 S.A.,179,RS,EOLCVRS030842-0-01,-52.335073084999976,-32.399368581999965,Sul
1.6,130.0,80.0,100.0,1666625847000,30569,União dos Ventos 8,UV8-08,179950.111,9438750.343,Versão Válida,SAD69,Sim,UTM 25 S (MER -33),Esquina dos Ventos Geradora Eólica S.A.,180,RN,EOLCVRN030569-3-01,-35.88621400499994,-5.071200685999941,Nordeste
2.7,150.0,89.0,122.0,1666625847000,32102,Imburana Macho,IBM - 06,749573.0,8466645.0,Versão Válida,SIRGAS2000,Não,UTM 23 S (MER -45),Centrais Eólicas Imburana Macho S.A.,182,BA,EOLCVBA032102-8-01,-42.690898524999966,-13.859157163999953,Nordeste
0.8,99.6,75.6,48.0,1666625847000,29085,Albatroz,4,282349.0,9275220.0,Versão Válida,SAD69,Sim,UTM 25 S (MER -33),Vale dos Ventos Geradora Eólica S.A.,251,PB,EOLCVPB029085-8-01,-34.96871479299995,-6.553571224999928,Nordeste
1.7,123.0,80.0,86.0,1666625847000,30306,Seabra,SE 06,785896.0,8642496.0,Versão Válida,SIRGAS2000,Sim,UTM 23 S (MER -45),Seabra Energética S.A,253,BA,EOLCVBA030306-2-01,-42.37193160199996,-12.267288316999952,Nordeste
2.0,125.5,76.5,97.0,1666625847000,31563,Ventos de Guarás I,11,315638.0,8826324.0,Versão Válida,SIRGAS2000,Sim,UTM 24 S (MER -39),Ventos dos Guarás I Energias Renováveis S.A.,256,BA,EOLCVBA031563-0-01,-40.685230082999965,-10.612885550999977,Nordeste
1.6,130.0,80.0,100.0,1666625847000,30564,União dos Ventos 3,2,188015.0,9437244.0,Versão Válida,SIRGAS2000,Sim,UTM 25 S (MER -33),Ponta do Vento Leste Geradora Eólica S.A.,241,RN,EOLCVRN030564-2-01,-35.813614067999936,-5.0851495159999445,Nordeste
1.5,123.5,85.0,77.0,1666625847000,30279,Buriti,16,390749.0,9682177.0,Versão Válida,SAD69,Sim,UTM 24 S (MER -39),Nova Eólica Buriti S.A,258,CE,EOLCVCE030279-1-01,-39.98335084599995,-2.875354164999976,Nordeste
1.58,123.5,85.0,77.0,1666625847000,28440,Praia do Morgado,MG-01,362754.0,9688769.0,Versão Válida,SIRGAS2000,Sim,UTM 24 S (MER -39),Central Eólica Praia do Morgado S.A.,260,CE,EOLCVCE028440-8-01,-40.23477966099995,-2.8151245369999742,Nordeste
1.65,111.0,70.0,82.0,1666625847000,29015,Mandacaru,MDU-02,213972.0,9083835.0,Versão Válida,SIRGAS2000,Sim,UTM 25 S (MER -33),Eólica Gravatá Geradora de Energia S.A.,261,PE,EOLCVPE029015-7-01,-35.59649824799993,-8.279807397999946,Nordeste
2.0,133.0,98.0,70.0,1666625847000,28810,Osório,OS-10,568206.434,6684129.26,Versão Válida,WGS84,Sim,UTM 22 S (MER -51),Ventos do Sul Energia S.A.,262,RS,EOLCVRS028810-1-01,-50.29302305699997,-29.971799465999936,Sul
1.85,121.25,80.0,82.5,1666625847000,30738,Coqueirinho,COQ-089,756161.0,8405838.0,Versão Válida,WGS84,Sim,UTM 23 S (MER -45),Central Eólica Coqueirinho S.A.,263,BA,EOLCVBA030738-6-01,-42.62428564399994,-14.407911076999937,Nordeste
1.79,130.0,80.0,100.0,1666625847000,31517,Chuí 09,AGC09-10,277808.0,6271227.0,Versão Válida,SIRGAS2000,Sim,UTM 22 S (MER -51),Eólica Chuí IX S.A.,264,RS,EOLCVRS031517-6-01,-53.396691042999976,-33.67566482999996,Sul
2.0,126.5,78.0,97.0,1666625847000,30912,São Cristóvão,SC 12,473175.0,9639872.0,Versão Válida,SIRGAS2000,Sim,UTM 24 S (MER -39),Central Eólica São Cristóvão S.A.,202,CE,EOLCVCE030912-5-01,-39.24145646799997,-3.2581266799999753,Nordeste
2.35,153.5,99.5,108.0,1666625847000,30787,Modelo I,MODI 8,179478.0,9398359.0,Versão Válida,SIRGAS2000,Sim,UTM 25 S (MER -33),Enel Green Power Modelo I Eólica S.A.,205,RN,EOLCVRN030787-4-01,-35.892161915999964,-5.436133217999952,Nordeste
2.0,137.0,80.0,114.0,1666625847000,31487,Coxilha Seca,CS_AEG-8,624497.0916,6582195.6539,Versão Válida,SIRGAS2000,Sim,UTM 21 S (MER -57),Eletrosul Centrais Elétricas S/A,207,RS,EOLCVRS031487-0-01,-55.697489099999984,-30.886991200999944,Sul
3.0,178.0,120.0,116.0,1666625847000,31483,Itarema II,7,402703.0,9676439.0,Versão Válida,SIRGAS2000,Sim,UTM 24 S (MER -39),Eólica Itarema II S.A.,257,CE,EOLCVCE031483-8-01,-39.87548401099997,-2.9269888729999707,Nordeste
0.8,99.6,75.6,48.0,1666625847000,29088,Atlântica,21,281823.0,9275132.0,Versão Válida,SAD69,Sim,UTM 25 S (MER -33),Vale dos Ventos Geradora Eólica S.A,212,PB,EOLCVPB029088-2-01,-34.97347298999995,-6.554348112999946,Nordeste
1.68,122.0,80.0,82.5,1666625847000,30546,Seraíma,SER-10,747970.68185,8437207.87676,Versão Válida,SIRGAS2000,Sim,UTM 23 S (MER -45),Centrais Eólicas Seraima S.A.,213,BA,EOLCVBA030546-4-01,-42.703075103999936,-14.125252208999939,Nordeste
1.79,130.0,80.0,100.0,1666625847000,31600,Verace 27,AGV27-01,285963.0,6272853.0,Versão Válida,SIRGAS2000,Sim,UTM 22 S (MER -51),Eólica Hermenegildo I S.A.,282,RS,EOLCVRS031600-8-01,-53.30839839399994,-33.662685531999955,Sul
3.0,178.0,120.0,116.0,1666625847000,30457,Atlântica I,I-02,565771.0,6645316.0,Versão Válida,SIRGAS2000,Sim,UTM 22 S (MER -51),Atlântica I Parque Eólico S.A.,285,RS,EOLCVRS030457-3-01,-50.31585287199994,-30.322174273999963,Sul
3.0,178.0,120.0,116.0,1666625847000,30832,Carcará I,AEG9,723001.0,9449243.0,Versão Válida,SIRGAS2000,Sim,UTM 24 S (MER -39),Usina de Energia Eólica Carcará I S.A.,288,RN,EOLCVRN030832-3-01,-36.98881385599998,-4.979671003999954,Nordeste
1.6,121.25,80.0,82.5,1666625847000,30513,Asa Branca VII,AB-VII_18,171990.0,9416449.0,Versão Válida,SIRGAS2000,Sim,UTM 25 S (MER -33),Asa Branca VII Energias Renováveis Ltda.,273,RN,EOLCVRN030513-8-01,-35.95888138899994,-5.272373731999949,Nordeste
3.0,178.0,120.0,116.0,1666625847000,30462,Atlântica II,II-04,563456.0,6644102.0,Versão Válida,SIRGAS2000,Sim,UTM 22 S (MER -51),Atlântica II Parque Eólico S.A.,291,RS,EOLCVRS030462-0-01,-50.33985857099998,-30.33325259399993,Sul
2.1,137.0,93.0,88.0,1666625847000,30389,Mar e Terra,UG7,730747.0,9449551.0,Versão Válida,SIRGAS2000,Sim,UTM 24 S (MER -39),Eólica Mar e Terra Geração e Comercialização de Energia S.A.,292,RN,EOLCVRN030389-5-01,-36.918994149999946,-4.976669323999943,Nordeste
2.1,135.0,80.0,110.0,1666625847000,30750,Ibirapuitã I,7,629484.0,6595047.0,Versão Válida,SIRGAS2000,Sim,UTM 21 S (MER -57),Eólica Ibirapuitã S.A.,295,RS,EOLCVRS030750-5-01,-55.64695431499996,-30.770524424999962,Sul
2.7,150.0,89.0,122.0,1666625847000,30691,Ilha Grande,IG-04,422953.0,9660717.0,Versão Válida,SIRGAS2000,Sim,UTM 24 S (MER -39),Central Elétrica Ilha Grande Ltda.,296,CE,EOLCVCE030691-6-01,-39.69337304599998,-3.0693444159999785,Nordeste
2.1,137.5,90.0,95.0,1666625847000,30352,Faísa I,14,469309.0,9631576.0,Versão Válida,SIRGAS2000,Sim,UTM 24 S (MER -39),Eólica Faísa I Geração e Comercialização de Energia Ltda.,281,CE,EOLCVCE030352-6-01,-39.27627544799998,-3.333170844999927,Nordeste
2.0,135.0,80.0,110.0,1666625847000,32521,Delfina III,5,288724.0,8894030.0,Versão Válida,SIRGAS2000,Sim,UTM 24 S (MER -39),Enel Green Power Delfina B Eólica S.A.,234,BA,EOLCVBA032521-0-01,-40.927432549999935,-9.999459859999945,Nordeste
2.3,122.0,80.0,84.0,1666625847000,30726,Primavera,AEG12,241999.0,8704919.0,Versão Válida,SIRGAS2000,Sim,UTM 24 S (MER -39),Enel Green Power Primavera Eólica S.A.,235,BA,EOLCVBA030726-2-01,-41.36688527399997,-11.705596211999932,Nordeste
2.5,148.0,90.0,116.0,1666625847000,33635,Umburanas 19,UMB_19_07,227006.0,8825366.0,Versão Válida,SIRGAS2000,Sim,UTM 24 S (MER -39),Centrais Eólicas Umburanas 15 Ltda.,236,BA,EOLCVBA033635-1-01,-41.49502812999998,-10.616158582999958,Nordeste
1.6,130.0,80.0,100.0,1666625847000,30565,União dos Ventos 4,UV4-06,190015.02,9437110.99,Versão Válida,SAD69,Sim,UTM 25 S (MER -33),Torres de São Miguel Geradora Eólica S.A.,237,RN,EOLCVRN030565-0-01,-35.795596788999944,-5.086429834999933,Nordeste
1.85,121.25,80.0,82.5,1666625847000,30751,Inhambu,INH-045,759412.0,8406969.0,Versão Válida,WGS84,Sim,UTM 23 S (MER -45),Central Eólica Inhambu S.A.,239,BA,EOLCVBA030751-3-01,-42.59426323699995,-14.397388884999941,Nordeste
2.0,135.0,80.0,110.0,1666625847000,32357,Delfina I,AEG 11,284801.0,8889143.0,Versão Válida,SIRGAS2000,Sim,UTM 24 S (MER -39),Enel Green Power Delfina A Eólica S.A.,240,BA,EOLCVBA032357-8-01,-40.96347284199993,-10.043425386999957,Nordeste
2.1,175.0,120.0,110.0,1666625847000,35197,Garrote,GAR-04,685340.0,9475413.0,Versão Válida,SIRGAS2000,Sim,UTM 24 S (MER -39),Central Eólica Garrote S.A.,243,CE,EOLCVCE035197-0-01,-37.328944139999976,-4.743971679999959,Nordeste
2.0,135.0,80.0,110.0,1666625847000,32359,Delfina V,AEG 11,291011.0,8893540.0,Versão Válida,SIRGAS2000,Sim,UTM 24 S (MER -39),Enel Green Power Delfina A Eólica S.A.,245,BA,EOLCVBA032359-4-01,-40.90660252499998,-10.004009381999936,Nordeste
2.0,138.5,90.0,97.0,1666625847000,30827,Porto das Barcas,C-07,192138.0,9685435.0,Versão Válida,SIRGAS2000,Sim,UTM 24 S (MER -39),Porto das Barcas Energia S.A.,246,PI,EOLCVPI030827-7-01,-41.76898333299994,-2.8426050549999786,Nordeste
1.6,130.0,80.0,100.0,1666625847000,30570,União dos Ventos 9,6,179935.5,9437125.71,Versão Válida,SAD69,Sim,UTM 25 S (MER -33),Ilha dos Ventos Geradora Eólica S.A,233,RN,EOLCVRN030570-7-01,-35.88642146999996,-5.085896152999965,Nordeste
2.1,137.0,80.0,114.0,1666625847000,35266,Zeus II,SP02-03,294385.0,8897430.0,Versão Válida,SIRGAS2000,Sim,UTM 24 S (MER -39),Enel Green Power Zeus II - Delfina 8 S.A.,306,BA,EOLCVBA035266-7-01,-40.875631614999975,-9.969019883999977,Nordeste
3.15,182.5,120.0,125.0,1666625847000,33005,Ventos de Santa Ângela 01,VSA01-02,218376.0,9056946.0,Versão Válida,SIRGAS2000,Sim,UTM 24 S (MER -39),Enel Green Power Ventos de Santa Ângela 1 S.A.,325,PI,EOLCVPI033005-1-01,-41.558139532999974,-8.523042558999975,Nordeste
3.0,158.0,100.0,116.0,1666625847000,31485,Itarema I,9,404241.0,9677266.0,Versão Válida,SIRGAS2000,Sim,UTM 24 S (MER -39),Eólica Itarema I S.A.,326,CE,EOLCVCE031485-4-01,-39.861640352999984,-2.9195185619999506,Nordeste
2.7,150.0,89.0,122.0,1666625847000,30834,Santa Helena,11,175830.0,9397504.0,Versão Válida,SIRGAS2000,Sim,UTM 25 S (MER -33),Santa Helena Energias Renováveis S.A.,313,RN,EOLCVRN030834-0-01,-35.925087323999946,-5.443699183999968,Nordeste
1.79,130.0,80.0,100.0,1666625847000,31558,Verace 31,AGV31-04,284388.0,6278488.0,Versão Válida,SIRGAS2000,Sim,UTM 22 S (MER -51),Eólica Hermenegildo II S.A.,268,RS,EOLCVRS031558-3-01,-53.32400741399994,-33.61158455899994,Sul
1.79,130.0,80.0,100.0,1666625847000,31539,Verace 35,AGV35-05,280500.0,6281644.0,Versão Válida,SIRGAS2000,Sim,UTM 22 S (MER -51),Eólica Hermenegildo III S.A.,269,RS,EOLCVRS031539-7-01,-53.365107045999935,-33.58234906499996,Sul
2.0,121.5,78.0,87.0,1666625847000,30537,Calango 4,CAL4-6,780489.0,9333036.0,Versão Válida,SIRGAS2000,Sim,UTM 24 S (MER -39),Calango 4 Energia Renovável S.A.,271,RN,EOLCVRN030537-5-01,-36.46620757499994,-6.028114104999929,Nordeste
1.6,121.25,80.0,82.5,1666625847000,30341,Rio Verde,RVE_5,758930.0,8433671.0,Versão Válida,SAD69,Sim,UTM 23 S (MER -45),Centrais Eólicas Rio Verde S.A.,272,BA,EOLCVBA030341-0-01,-42.601691932999984,-14.156612605999953,Nordeste
2.0,145.0,100.0,90.0,1666625847000,30791,Minuano II,UG17,275538.18,6266619.9,Versão Válida,SIRGAS2000,Sim,UTM 22 S (MER -51),Eólica Chuí VII S.A.,321,RS,EOLCVRS030791-2-01,-53.422320996999986,-33.71670359099994,Sul
2.1,137.5,90.0,95.0,1666625847000,30309,Faísa V,9,471835.0,9627540.0,Versão Válida,SIRGAS2000,Sim,UTM 24 S (MER -39),Eólica Faísa V Geração e Comercialização de Energia Ltda.,275,CE,EOLCVCE030309-7-01,-39.25354635799994,-3.3696903329999373,Nordeste
1.6,120.0,80.0,82.0,1666625847000,30302,Morro dos Ventos IX,AG_13_MV9,175175.400229,9411956.98985,Versão Válida,SIRGAS2000,Sim,UTM 25 S (MER -33),Desa Morro dos Ventos IX S.A,277,RN,EOLCVRN030302-0-01,-35.93036356199997,-5.313093426999956,Nordeste
2.0,145.0,95.0,100.0,1666625847000,30551,Renascença IV,UG10,177020.282,9414240.04,Versão Válida,SIRGAS2000,Sim,UTM 25 S (MER -33),Energisa Geração - Central Eólica Renascença IV S.A.,280,RN,EOLCVRN030551-0-01,-35.91361350899996,-5.2925458649999655,Nordeste
2.0,125.0,80.0,90.0,1666625847000,30443,Pedra Branca,PB -06,272519.0,8910219.0,Versão Válida,SIRGAS2000,Sim,UTM 24 S (MER -39),Pedra Branca S.A,348,BA,EOLCVBA030443-3-01,-41.07428163099996,-9.852244455999937,Nordeste
2.3,139.0,98.0,82.0,1666625847000,28712,Elebrás Cidreira 1,25,577532.6,6671826.0,Versão Válida,SIRGAS2000,Sim,UTM 22 S (MER -51),Elebrás Projetos S.A,350,RS,EOLCVRS028712-1-01,-50.17772261799996,-30.081162545999973,Sul
2.0,121.5,78.0,87.0,1666625847000,30519,Calango 2,CAL2-15,780513.0,9334323.0,Versão Válida,SIRGAS2000,Sim,UTM 24 S (MER -39),Calango 2 Energia Renovável S.A.,356,RN,EOLCVRN030519-7-01,-36.466044857999975,-6.016481948999967,Nordeste
2.0,175.0,120.0,110.0,1666625847000,30536,Dreen São Bento do Norte,5,168543.0,9440334.9999,Versão Válida,SIRGAS2000,,UTM 25 S (MER -33),GE São Bento do Norte S.A,358,RN,EOLCVRN030536-7-01,-35.98893549299993,-5.0564345029999345,Nordeste
2.35,130.0,80.0,100.0,1666625847000,30806,Pedra do Gerônimo,AEG12,593459.0,8996273.0,Versão Válida,SIRGAS2000,Sim,UTM 24 S (MER -39),Enel Green Power Pedra do Gerônimo Eólica S.A.,360,PE,EOLCVPE030806-4-01,-38.14955174199997,-9.07928334099995,Nordeste
1.715,131.5,80.0,103.0,1666625847000,31540,Serra das Vacas II,CSV2-07,750972.63,9014514.97,Versão Válida,SIRGAS2000,Sim,UTM 24 S (MER -39),Eólica Serra das Vacas II S.A.,299,PE,EOLCVPE031540-0-01,-36.71779596899995,-8.908269255999926,Nordeste
2.7,150.0,89.0,122.0,1666625847000,30840,Corredor do Senandes IV,S4-08,372717.0,6415083.0,Versão Válida,SIRGAS2000,Sim,UTM 22 S (MER -51),NCER Eólica Corredor do Senandes IV Ltda.,300,RS,EOLCVRS030840-4-01,-52.353312459999984,-32.39402351299998,Sul
2.1,175.0,120.0,110.0,1666625847000,33644,São Miguel I,SM I 10,169622.0,9428854.0,Versão Válida,SIRGAS2000,Sim,UTM 25 S (MER -33),Central Geradora Eólica São Miguel I S.A,302,RN,EOLCVRN033644-0-01,-35.97969385499994,-5.160201898999958,Nordeste
2.5,148.0,90.0,116.0,1666625847000,31754,Umburanas 15,UMB_15_05,225312.0,8821890.0,Versão Válida,SIRGAS2000,Sim,UTM 24 S (MER -39),Centrais Eólicas Umburanas 11 Ltda.,303,BA,EOLCVBA031754-3-01,-41.51075700399997,-10.647442675999969,Nordeste
2.1,175.0,120.0,110.0,1666625847000,33643,São Bento do Norte III,SBN III 10,163798.9,9435097.0,Versão Válida,SIRGAS2000,Sim,UTM 24 S (MER -39),Central Geradora Eólica São Bento do Norte III S.A.,354,RN,EOLCVRN033643-2-01,-36.02906906399994,-5.105176607999965,Nordeste
1.68,122.0,80.0,82.5,1666625847000,30776,Pilões,PIL-14,756100.693696,8447321.88519,Versão Válida,SIRGAS2000,Sim,UTM 23 S (MER -45),Centrais Eólicas Pilões S.A.,309,BA,EOLCVBA030776-9-01,-42.62875595199995,-14.033150022999962,Nordeste
3.0,182.5,120.0,125.0,1666625847000,31815,Itarema VI,8,402541.0,9674042.0,Versão Válida,SIRGAS2000,Sim,UTM 24 S (MER -39),Eólica Itarema VI S.A.,311,CE,EOLCVCE031815-9-01,-39.87695850099993,-2.9486710099999414,Nordeste
2.0,139.0,98.0,82.0,1666625847000,30307,Santa Clara IV,SC-IV-03,176849.38,9418792.49,Versão Válida,SIRGAS2000,Sim,UTM 25 S (MER -33),Santa Clara IV Energias Renováveis Ltda.,297,RN,EOLCVRN030307-0-01,-35.91498637199993,-5.251407852999932,Nordeste
4.2,195.0,120.0,150.0,1666625847000,38143,Vila Sergipe II,VSE-II-8,714909.3209,9427047.2903,Versão Válida,SIRGAS2000,Sim,UTM 24 S (MER -39),Vila Sergipe 2 Empreendimentos e Participações S.A.,382,RN,EOLCVRN038143-8-01,-37.06116193899993,-5.180570018999958,Nordeste
2.35,153.5,99.5,108.0,1666625847000,30788,Modelo II,AEG7,177272.0,9399953.0,Versão Válida,SIRGAS2000,Sim,UTM 25 S (MER -33),Enel Green Power Modelo II Eólica S.A.,371,RN,EOLCVRN030788-2-01,-35.911980778999975,-5.42163611899997,Nordeste
1.6,121.25,80.0,82.5,1666625847000,30508,Asa Branca VIII,AB-VIII_14,168910.0,9413224.0,Versão Válida,SIRGAS2000,Sim,UTM 25 S (MER -33),Asa Branca VIII Energias Renováveis Ltda,388,RN,EOLCVRN030508-1-01,-35.98677946899994,-5.301376154999957,Nordeste
2.35,130.0,80.0,100.0,1666625847000,30805,Pau Ferro,UG3,596094.0,8997291.0,Versão Válida,SIRGAS2000,Sim,UTM 24 S (MER -39),Enel Green Power Pau Ferro Eólica S.A.,392,PE,EOLCVPE030805-6-01,-38.12559823999993,-9.070019945999945,Nordeste
3.0,182.5,120.0,125.0,1666625847000,33619,Aura Lagoa do Barro 3,ALB-3-07,218609.0,9045384.0,Versão Válida,SIRGAS2000,Sim,UTM 24 S (MER -39),Lagoa do Barro III Energias Renováveis S.A.,377,PI,EOLCVPI033619-0-01,-41.556723310999985,-8.627533433999929,Nordeste
2.1,124.0,80.0,88.0,1666625847000,28706,Paracuru,AEG 10,504255.0,9619548.0,Versão Válida,SAD69,Sim,UTM 24 S (MER -39),Eólica Paracuru Geração e Comercialização de Energia S.A.,378,CE,EOLCVCE028706-7-01,-38.96169288799996,-3.44201441499996,Nordeste
2.3,154.0,108.0,92.0,1666625847000,30734,Índios 2,DI2-10,563684.248714,6678183.992101,Versão Válida,SIRGAS2000,Sim,UTM 22 S (MER -51),Ventos dos Índios Energia S.A.,333,RS,EOLCVRS030734-3-01,-50.339585314999965,-30.025565867999944,Sul
1.7,130.0,80.0,100.0,1666625847000,31537,Serra das Vacas I,CSV1-03,748118.0,9014498.0,Versão Válida,SIRGAS2000,Sim,UTM 24 S (MER -39),Eólica Serra das Vacas I S.A.,334,PE,EOLCVPE031537-0-01,-36.74373954899994,-8.908580987999926,Nordeste
2.5,148.0,90.0,116.0,1666625847000,31741,Umburanas 03,UMB_03_07,226798.0,8822446.0,Versão Válida,SIRGAS2000,Sim,UTM 24 S (MER -39),Centrais Eólicas Umburanas 3 S.A.,340,BA,EOLCVBA031741-1-01,-41.497142433999954,-10.642527386999973,Nordeste
2.0,126.5,78.0,97.0,1666625847000,30754,Chuí IV,UG42,279075.36,6269241.85,Versão Válida,SIRGAS2000,Sim,UTM 22 S (MER -51),Eólica Chuí IV S.A.,344,RS,EOLCVRS030754-8-01,-53.38352489799996,-33.69381841999996,Sul
2.0,123.0,78.0,90.0,1666625847000,30437,Caetité 2,C2-26,768962.93,8429668.686,Versão Válida,SIRGAS2000,Sim,UTM 23 S (MER -45),Caetité 2 Energia Renovável S.A.,329,BA,EOLCVBA030437-9-01,-42.508008882999945,-14.19142097699995,Nordeste
2.0,139.0,98.0,82.0,1666625847000,30378,Santa Clara V,SC-V-08,175402.13,9416612.17,Versão Válida,SIRGAS2000,Sim,UTM 25 S (MER -33),Santa Clara V Energias Renováveis Ltda.,414,RN,EOLCVRN030378-0-01,-35.92812196699998,-5.271045219999962,Nordeste
2.308,130.5,80.0,101.0,1666625847000,30663,Guajirú,UG5,475774.86,9638642.85,Versão Válida,SIRGAS2000,Sim,UTM 24 S (MER -39),Central Eólica Guajirú S.A.,415,CE,EOLCVCE030663-0-01,-39.21805722299996,-3.2692521229999443,Nordeste
1.65,111.0,70.0,82.0,1666625847000,28481,Pirauá,PIR-01,224623.0,9171156.0,Versão Válida,SIRGAS2000,Sim,UTM 25 S (MER -33),Eólica Pirauá Geradora de Energia S.A.,402,PE,EOLCVPE028481-5-01,-35.49513887799998,-7.491308357999969,Nordeste
2.1,175.0,120.0,110.0,1666625847000,32354,Esperança do Nordeste,ES02,172270.0,9438045.0,Versão Válida,SIRGAS2000,Sim,UTM 25 S (MER -33),Usina de Energia Eólica Esperança do Nordeste S.A.,403,RN,EOLCVRN032354-3-01,-35.95545150899994,-5.077277577999951,Nordeste
2.0,149.38,108.0,82.0,1666625847000,30350,Cerro Chato III,AEG 5,625846.7435,6591080.6355,Versão Válida,SIRGAS2000,Sim,UTM 21 S (MER -57),Eletrosul Centrais Elétricas S.A.,420,RS,EOLCVRS030350-0-01,-55.684456171999955,-30.806809080999983,Sul
2.1,143.7,96.2,95.0,1666625847000,30295,Colônia,AEG-05,513367.0,9609348.0,Versão Válida,SIRGAS2000,Sim,UTM 24 S (MER -39),Central Geradora Eólica Colônia S.A.,409,CE,EOLCVCE030295-3-01,-38.879646858999934,-3.534298379999939,Nordeste
1.6,121.25,80.0,82.5,1666625847000,30507,Asa Branca V,AB-V05,831012.37184185,9404158.0,Versão Válida,SIRGAS2000,Sim,UTM 24 S (MER -39),Asa Branca V Energias Renováveis S.A.,410,RN,EOLCVRN030507-3-01,-36.013523917999976,-5.383149944999957,Nordeste
2.1,137.5,90.0,95.0,1666625847000,30331,Faísa II,11,472071.0,9630738.0,Versão Válida,SIRGAS2000,Sim,UTM 24 S (MER -39),Eólica Faísa II Geração e Comercialização de Energia Ltda.,411,CE,EOLCVCE030331-3-01,-39.251414463999936,-3.340758851999965,Nordeste
1.6,121.25,80.0,82.5,1666625847000,30318,Nossa Senhora da Conceição,NSC_11,751244.0,8462347.0,Versão Válida,SAD69,Sim,UTM 23 S (MER -45),Centrais Eólicas Nossa Senhora Conceição S.A.,364,BA,EOLCVBA030318-6-01,-42.675464905999945,-13.898239795999928,Nordeste
2.0,139.0,98.0,82.0,1666625847000,30308,Santa Clara II,SC-II-08,177866.21,9418353.16,Versão Válida,SIRGAS2000,Sim,UTM 25 S (MER -33),Santa Clara II Energias Renováveis Ltda.,365,RN,EOLCVRN030308-9-01,-35.90584048499994,-5.255419836999977,Nordeste
2.0,126.5,78.0,97.0,1666625847000,30477,REB Cassino II,9,384788.0,6434037.0,Versão Válida,SIRGAS2000,Sim,UTM 22 S (MER -51),EOL Wind Energias Renováveis S.A,366,RS,EOLCVRS030477-8-01,-52.222697797999956,-32.224384129999976,Sul
2.42,130.0,80.0,100.0,1666625847000,30456,São Pedro do Lago,SPL-06,269948.0,8907846.0,Versão Válida,SIRGAS2000,Sim,UTM 24 S (MER -39),São Pedro do Lago S.A.,367,BA,EOLCVBA030456-5-01,-41.09785016899997,-9.873548100999926,Nordeste
1.5,138.5,100.0,77.0,1666625847000,29055,Rio do Ouro,AEG 13,635670.93,6851722.2035,Versão Válida,SIRGAS2000,Sim,UTM 22 S (MER -51),Rio de Ouro Energia Eólica S.A.,368,SC,EOLCVSC029055-6-01,-49.61436711399995,-28.454001106999954,Sul
1.6,121.0,80.0,82.0,1666625847000,30310,Morro dos Ventos III,AG_15_MV3,181913.09,9404558.09,Versão Válida,SIRGAS2000,Sim,UTM 25 S (MER -33),Desa Morro dos Ventos III S.A,418,RN,EOLCVRN030310-0-01,-35.86994403299997,-5.3802287869999645,Nordeste
2.0,121.5,78.0,87.0,1666625847000,30299,Dunas de Paracuru,5,501238.0,9621425.0,Versão Válida,SIRGAS2000,Sim,UTM 24 S (MER -39),Ventos Brasil Geração e Comercialização de Energia Elétrica S.A.,419,CE,EOLCVCE030299-6-01,-38.98885463199997,-3.4250457789999587,Nordeste
2.1,147.5,96.2,95.0,1666625847000,30372,Icaraí I,AEG-03,433436.32108644,9657907.35772756,Versão Válida,SIRGAS2000,Sim,UTM 24 S (MER -39),Central Geradora Eólica Icaraí I S.A.,375,CE,EOLCVCE030372-0-01,-39.59904791099996,-3.09481926899997,Nordeste
3.0,162.5,100.0,125.0,1666625847000,31817,Itarema VIII,ITA-VIII-07,400383.0,9668736.0,Versão Válida,SIRGAS2000,Sim,UTM 24 S (MER -39),Eólica Itarema VIII S.A.,363,CE,EOLCVCE031817-5-01,-39.896413837999944,-2.996653303999949,Nordeste
1.6,130.0,80.0,100.0,1666625847000,30568,União dos Ventos 7,UV7-02,194542.124,9436353.064,Versão Válida,SAD69,Sim,UTM 25 S (MER -33),Campina Potiguar Geradora Eólica S.A,445,RN,EOLCVRN030568-5-01,-35.754820450999944,-5.093436819999965,Nordeste
2.7,150.0,89.0,122.0,1666625847000,30819,Corredor do Senandes III,S3-08,372188.0,6412660.0,Versão Válida,SIRGAS2000,Sim,UTM 22 S (MER -51),NCER Eólica Corredor do Senandes III S.A.,448,RS,EOLCVRS030819-6-01,-52.35926310199994,-32.415815287999976,Sul
1.615,124.0,80.0,88.0,1666625847000,28652,Lagoa do Mato,AEG1,651032.3224,9492389.364,Versão Válida,SIRGAS2000,Sim,UTM 24 S (MER -39),Rosa dos Ventos Geração e Comercialização de Energia S.A.,433,CE,EOLCVCE028652-4-01,-37.63849806299993,-4.591114396999956,Nordeste
1.65,111.0,70.0,82.0,1666625847000,28444,Alegria I,AEG I-07,791082.0,9435777.0,Versão Válida,SAD69,Sim,UTM 24 S (MER -39),New Energy Options Geração de Energia S.A.,436,RN,EOLCVRN028444-0-01,-36.37527557799996,-5.09954984999996,Nordeste
2.308,130.5,80.0,101.0,1666625847000,30670,Fleixeiras I,UG4,459273.0,9646557.0,Versão Válida,SIRGAS2000,Sim,UTM 24 S (MER -39),Central Eólica Fleixeiras I S.A.,442,CE,EOLCVCE030670-3-01,-39.366567670999984,-3.1976106319999644,Nordeste
2.0,149.38,108.0,82.0,1666625847000,30348,Cerro Chato I,AEG 8,620569.0014,6588994.4521,Versão Válida,SIRGAS2000,Sim,UTM 21 S (MER -57),Eletrosul Centrais Elétricas S.A.,398,RS,EOLCVRS030348-8-01,-55.73935136899996,-30.82617539499995,Sul
2.1,175.0,120.0,110.0,1666625847000,31611,Bons Ventos Cacimbas 7,8,273431.0,9570901.0,Versão Válida,SIRGAS2000,Sim,UTM 24 S (MER -39),Geradora Eólica Bons Ventos da Serra 2 S.A.,399,CE,EOLCVCE031611-3-01,-41.04033360899996,-3.879663482999945,Nordeste
1.5,138.5,100.0,77.0,1666625847000,29070,Cruz Alta,AEG 10,427192.0232,7053451.7906,Versão Válida,SIRGAS2000,Sim,UTM 22 S (MER -51),Cruz Alta Energia Eólica S.A.,400,SC,EOLCVSC029070-0-01,-51.731499189999965,-26.637985379999975,Sul
1.67,123.0,80.0,86.0,1666625847000,30417,Rei dos Ventos 3,RDV 60,815049.9813,9433010.0,Versão Válida,SIRGAS2000,Sim,UTM 24 S (MER -39),Rei dos Ventos 3 Geradora de Energia S.A.,393,RN,EOLCVRN030417-4-01,-36.15859902699998,-5.123284165999962,Nordeste
2.7,150.0,89.0,122.0,1666625847000,30870,Riachão I,AEG 1,235722.0,9389232.0,Versão Válida,SIRGAS2000,Sim,UTM 25 S (MER -33),Central Eólica Acari Ltda.,477,RN,EOLCVRN030870-6-01,-35.38531297299994,-5.520847999999944,Nordeste
2.1,175.0,120.0,110.0,1666625847000,33642,São Bento do Norte II,SBN II 08,175375.0,9430405.0,Versão Válida,SIRGAS2000,Sim,UTM 25 S (MER -33),Central Geradora Eólica São Bento do Norte II S.A.,468,RN,EOLCVRN033642-4-01,-35.92778931899994,-5.146430307999935,Nordeste
2.0,130.0,80.0,100.0,1666625847000,30499,Eurus II,12,185580.0,9402237.0,Versão Válida,SIRGAS2000,Sim,UTM 25 S (MER -33),Eurus II Energias Renováveis S.A.,486,RN,EOLCVRN030499-9-01,-35.83698434099995,-5.401355528999943,Nordeste
2.0,126.5,78.0,97.0,1666625847000,30916,Santo Antônio de Pádua,SAP 03,474901.0,9637462.0,Versão Válida,SIRGAS2000,Sim,UTM 24 S (MER -39),Central Eólica Santo Antonio de Pádua S.A.,487,CE,EOLCVCE030916-8-01,-39.22592540499994,-3.2799334429999476,Nordeste
1.7,131.5,80.0,103.0,1666625847000,31342,Caetité B,CAB-12,772407.0,8435453.0,Versão Válida,SIRGAS2000,Sim,UTM 23 S (MER -45),Eólica Caetité B S.A.,432,BA,EOLCVBA031342-4-01,-42.47669835999994,-14.13883689599993,Nordeste
2.0,175.0,120.0,110.0,1666625847000,30549,Dreen Olho D Água,4,170586.00004722,9441116.99996345,Versão Válida,SIRGAS2000,Sim,UTM 25 S (MER -33),GE Olho D'Água S.A,481,RN,EOLCVRN030549-9-01,-35.970497199999954,-5.049454302999948,Nordeste
2.0,138.5,90.0,97.0,1666625847000,30838,Delta do Parnaíba,13,197111.0,9686859.0,Versão Válida,SIRGAS2000,Sim,UTM 24 S (MER -39),Porto do Parnaíba Energia S.A.,482,PI,EOLCVPI030838-2-01,-41.724259160999964,-2.829843576999963,Nordeste
1.79,130.0,80.0,100.0,1666625847000,31601,Verace 34,AGV34-06,281038.0,6284189.0,Versão Válida,SIRGAS2000,Sim,UTM 22 S (MER -51),Eólica Hermenegildo III S.A.,484,RS,EOLCVRS031601-6-01,-53.35869026599994,-33.55952446099997,Sul
2.0,121.5,78.0,87.0,1666625847000,30552,Calango 5,CAL5-4,777458.999,9332468.0,Versão Válida,SIRGAS2000,Sim,UTM 24 S (MER -39),Calango 5 Energia Renovável S.A.,437,RN,EOLCVRN030552-9-01,-36.493537586999935,-6.033374032999973,Nordeste
2.7,150.0,89.0,122.0,1666625847000,30695,Ribeirão,R-04,425449.0,9657346.0,Versão Válida,SIRGAS2000,Sim,UTM 24 S (MER -39),Central Eólica Ribeirão Ltda,440,CE,EOLCVCE030695-9-01,-39.67093083399993,-3.0998543139999697,Nordeste
1.6,121.25,80.0,82.5,1666625847000,30121,Aratuá I,AG02,796428.0,9435991.0,Versão Válida,SAD69,Sim,UTM 24 S (MER -39),Brasventos Aratuá 1 Geradora de Energia S.A.,426,RN,EOLCVRN030121-3-01,-36.32653280899996,-5.097069615999942,Nordeste
3.0,125.0,80.0,90.0,1666625847000,30608,Pedra do Reino III,PR3-03,293725.0,8949131.0,Versão Válida,SIRGAS2000,Sim,UTM 24 S (MER -39),Gestamp Eolicatec Sobradinho S.A.,428,BA,EOLCVBA030608-8-01,-40.87903455399993,-9.501618562999965,Nordeste
0.5,64.15,44.0,40.3,1666625847000,27908,de Palmas,UG4,430552.0,7060128.0,Versão Válida,SAD69,Sim,UTM 22 S (MER -51),Copel Geração e Transmissão S.A,511,PR,EOLCVPR027908-0-01,-51.69788133299994,-26.57827263799993,Sul
1.79,130.0,80.0,100.0,1666625847000,31602,Verace 30,AGV30-03,281878.0,6278214.0,Versão Válida,SIRGAS2000,Sim,UTM 22 S (MER -51),Eólica Hermenegildo II S.A.,498,RS,EOLCVRS031602-4-01,-53.351109141999984,-33.613542681999945,Sul
2.7,150.0,89.0,122.0,1666625847000,33630,Campo Largo V,AEG4,233739.0,8845985.0,Versão Válida,SIRGAS2000,Sim,UTM 24 S (MER -39),CLWP Eólica Parque V S.A.,520,BA,EOLCVBA033630-0-01,-41.432069911999974,-10.43032601599998,Nordeste
1.6,130.0,80.0,100.0,1666625847000,30571,União dos Ventos 10,UV10-01,179253.0,9434730.0,Versão Válida,SAD69,Sim,UTM 25 S (MER -33),Pontal do Nordeste Geradora Eólica S.A.,508,RN,EOLCVRN030571-5-01,-35.89265752299997,-5.107496243999947,Nordeste
2.308,130.5,80.0,101.0,1666625847000,30662,Trairí,UG2,467756.22,9643704.53,Versão Válida,SIRGAS2000,Sim,UTM 24 S (MER -39),Central Eólica Trairí S.A.,509,CE,EOLCVCE030662-2-01,-39.290221566999946,-3.2234412059999613,Nordeste
2.1,175.0,120.0,110.0,1666625847000,31621,Bons Ventos Cacimbas 4,5,274841.0,9565539.0,Versão Válida,SIRGAS2000,Sim,UTM 24 S (MER -39),Geradora Eólica Bons Ventos da Serra 2 S.A.,462,CE,EOLCVCE031621-0-01,-41.02775778999995,-3.9281729769999743,Nordeste
2.3,130.5,80.0,101.0,1666625847000,30671,Pedra Preta,PEP-01,183774.0,9399410.0,Versão Válida,SIRGAS2000,Sim,UTM 25 S (MER -33),SPE Pedra Preta Energia S.A.,464,RN,EOLCVRN030671-1-01,-35.85338593899996,-5.426821744999927,Nordeste
2.0,135.0,80.0,110.0,1666625847000,32358,Delfina II,AEG 5,285925.0,8890537.0,Versão Válida,SIRGAS2000,Sim,UTM 24 S (MER -39),Enel Green Power Delfina A Eólica S.A.,457,BA,EOLCVBA032358-6-01,-40.95314604499998,-10.03088523599996,Nordeste
2.3,130.5,80.0,101.0,1666625847000,30727,Cristal,AEG1,238453.0,8692553.0,Versão Válida,SIRGAS2000,Sim,UTM 24 S (MER -39),Enel Green Power Cristalandia I Eólica S.A.,460,BA,EOLCVBA030727-0-01,-41.40036500799994,-11.81705939099993,Nordeste
2.7,150.0,89.0,122.0,1666625847000,31404,Angico,AGC - 02,748187.0,8462877.0,Versão Válida,SIRGAS2000,Sim,UTM 23 S (MER -45),Centrais Eólicas Angico S.A.,552,BA,EOLCVBA031404-8-01,-42.703379635999966,-13.893320843999959,Nordeste
2.3,122.0,80.0,84.0,1666625847000,30725,São Judas,AEG02,243399.0,8711984.0,Versão Válida,SIRGAS2000,Sim,UTM 24 S (MER -39),Enel Green Power São Judas Eólica S.A.,537,BA,EOLCVBA030725-4-01,-41.35351066399994,-11.641863254999976,Nordeste
2.7,148.0,90.0,116.0,1666625847000,40574,Delta 8 I,D7-III-04,769856.0,9701617.0,Versão Válida,SIRGAS2000,Sim,UTM 23 S (MER -45),Delta 8 I Energia S.A.,538,MA,EOLCVMA040574-4-01,-42.57292867499996,-2.6971101899999326,Nordeste
1.79,130.0,80.0,100.0,1666625847000,31557,Verace 29,AGV29-01,279874.0,6279009.0,Versão Válida,SIRGAS2000,Sim,UTM 22 S (MER -51),Eólica Hermenegildo II S.A.,541,RS,EOLCVRS031557-5-01,-53.37249752699995,-33.60596598799998,Sul
2.0,135.0,80.0,110.0,1666625847000,32083,Cristalândia III,AEG 1,226361.4675,8449756.977,Versão Válida,SIRGAS2000,Sim,UTM 24 S (MER -39),Enel Green Power Cristalandia II Eólica S.A.,491,BA,EOLCVBA032083-8-01,-41.53327685099998,-14.009508367999956,Nordeste
1.5,123.5,85.0,77.0,1666625847000,29065,Campo Belo,UG 6,425395.0,7054549.0,Versão Válida,SIRGAS2000,Sim,UTM 22 S (MER -51),Campo Belo Energia Eólica S.A.,561,SC,EOLCVSC029065-3-01,-51.75023333599995,-26.628385262999927,Sul
1.67,123.0,80.0,86.0,1666625847000,30283,Macaúbas,MA 18,790522.0,8632465.0,Versão Válida,SIRGAS2000,Sim,UTM 23 S (MER -45),Macaúbas Energética S.A.,566,BA,EOLCVBA030283-0-01,-42.32852295699996,-12.357490477999931,Nordeste
2.7,150.0,89.0,122.0,1666625847000,34613,Campo Largo I,CLI-11,225195.0,8839623.0,Versão Válida,SIRGAS2000,Sim,UTM 24 S (MER -39),CLWP Eólica Parque I Ltda.,584,BA,EOLCVBA034613-6-01,-41.510523270999954,-10.48720726099998,Nordeste
2.7,150.0,89.0,122.0,1666625847000,34633,Campo Largo II,CLII-3,231077.0,8836486.0,Versão Válida,SIRGAS2000,Sim,UTM 24 S (MER -39),CLWP Eólica Parque II S.A.,574,BA,EOLCVBA034633-0-01,-41.45704596599995,-10.51597259099998,Nordeste
2.0,145.0,95.0,100.0,1666625847000,30502,Farol,FA01,830854.0,9436956.0,Versão Válida,SIRGAS2000,Sim,UTM 24 S (MER -39),GE Farol S.A.,575,RN,EOLCVRN030502-2-01,-36.01635683799998,-5.086986313999944,Nordeste
3.465,150.0,84.0,132.0,1666625847000,35240,Ventos de Arapuá 1,ARP1-04,726856.0,9219344.0,Versão Válida,SIRGAS2000,Sim,UTM 24 S (MER -39),Ventos de Arapuá 1 Energia Renovável S.A.,528,PB,EOLCVPB035240-3-01,-36.946269246999975,-7.057961040999942,Nordeste
2.7,150.0,89.0,122.0,1666625847000,34643,Campo Largo XVIII,AEG5,227108.0,8845935.0,Versão Válida,SIRGAS2000,Sim,UTM 24 S (MER -39),CLWP Eólica Parque XVIII S.A.,578,BA,EOLCVBA034643-8-01,-41.49260288499994,-10.430311342999971,Nordeste
3.0,125.0,75.0,100.0,1666625847000,31408,Jacarandá do Cerrado,JCE - 01,760544.0,8389378.0,Versão Válida,SIRGAS2000,Sim,UTM 23 S (MER -45),Centrais Eólicas Jacarandá do Cerrado S.A.,579,BA,EOLCVBA031408-0-01,-42.58205093799995,-14.556190911999977,Nordeste
3.0,178.0,120.0,116.0,1666625847000,30897,Carcará II,AEG-04,721269.4,9452135.0,Versão Válida,SIRGAS2000,Sim,UTM 24 S (MER -39),Usina de Energia Eólica Carcará II S.A.,583,RN,EOLCVRN030897-8-01,-37.00450290799995,-4.953571649999958,Nordeste
1.79,130.0,80.0,100.0,1666625847000,31541,Verace 25,AGV25-02,284281.0,6275084.0,Versão Válida,SIRGAS2000,Sim,UTM 22 S (MER -51),Eólica Hermenegildo I S.A.,522,RS,EOLCVRS031541-9-01,-53.324247999999955,-33.64579799999996,Sul
2.7,150.0,89.0,122.0,1666625847000,30828,Ventos de Santo Uriel,SU_02,178816.0,9392878.0,Versão Válida,SIRGAS2000,Sim,UTM 25 S (MER -33),Ventos de Santo Uriel S.A,526,RN,EOLCVRN030828-5-01,-35.898368250999965,-5.485624535999932,Nordeste
2.1,143.7,96.2,95.0,1666625847000,30373,Taíba Andorinha,AEG-07,511212.86,9610245.79,Versão Válida,SIRGAS2000,Sim,UTM 24 S (MER -39),Central Geradora Eólica Taíba Andorinha S.A,594,CE,EOLCVCE030373-9-01,-38.89904307499995,-3.526178398999946,Nordeste
2.1,153.7,120.0,110.0,1666625847000,30918,Ubatuba,UB-06,654206.0,9484447.0,Versão Válida,SIRGAS2000,Sim,UTM 24 S (MER -39),Energia dos Ventos II S.A.,597,CE,EOLCVCE030918-4-01,-37.609753989999945,-4.662890291999929,Nordeste
2.0,133.0,98.0,70.0,1666625847000,28864,Índios,IN-06,568296.3141,6680699.509,Versão Válida,SIRGAS2000,Sim,UTM 22 S (MER -51),Ventos do Sul Energia S.A.,599,RS,EOLCVRS028864-0-01,-50.29190445499995,-30.002564984999935,Sul
2.7,150.0,89.0,122.0,1666625847000,30697,Boca do Córrego,BC-09,427075.1,9658000.0,Versão Válida,SIRGAS2000,Sim,UTM 24 S (MER -39),Central Elétrica Palmas Ltda.,600,CE,EOLCVCE030697-5-01,-39.65629355999994,-3.093947147999927,Nordeste
2.1,124.0,80.0,88.0,1666625847000,30289,Icaraí,AEG 7,429538.567,9665711.963,Versão Válida,SIRGAS2000,Sim,UTM 24 S (MER -39),Eólica Icaraí Geração e Comercialização de Energia S.A,601,CE,EOLCVCE030289-9-01,-39.63406713699993,-3.024187961999928,Nordeste
2.7,150.0,89.0,122.0,1666625847000,34637,Campo Largo XVI,CLXVI-05,228675.0,8843561.0,Versão Válida,SIRGAS2000,Sim,UTM 24 S (MER -39),CLWP Eólica Parque XVI Ltda.,603,BA,EOLCVBA034637-3-01,-41.47846915499997,-10.451873639999974,Nordeste
2.7,150.0,89.0,122.0,1666625847000,31418,Acácia,ACA - 05,748717.0,8460674.0,Versão Válida,SIRGAS2000,Sim,UTM 23 S (MER -45),Centrais Eólicas Acácia S.A.,606,BA,EOLCVBA031418-8-01,-42.698281263999945,-13.913178194999944,Nordeste
1.6,121.25,80.0,82.5,1666625847000,30342,Guirapá,GUI_7,754469.0,8426847.0,Versão Válida,SAD69,Sim,UTM 23 S (MER -45),Centrais Eólicas Guirapá Ltda.,560,BA,EOLCVBA030342-9-01,-42.642355950999956,-14.218671127999926,Nordeste
1.516,123.5,85.0,77.0,1666625847000,28724,Praias de Parajuru,AE-03,623408.31658262,9517748.48099899,Versão Válida,SAD69,Sim,UTM 24 S (MER -39),Central Eólica Praia de Parajuru S.A.,615,CE,EOLCVCE028724-5-01,-37.887829644999954,-4.362171935999925,Nordeste
1.6,121.0,80.0,82.0,1666625847000,30504,Eurus III,17,180404.0,9402677.0,Versão Válida,SIRGAS2000,Sim,UTM 25 S (MER -33),DESA Eurus III S.A.,555,RN,EOLCVRN030504-9-01,-35.88362841899993,-5.397160190999955,Nordeste
2.1,150.0,93.0,114.0,1666625847000,31427,Santa Mônica,MON-01,189559.0,9415705.0,Versão Válida,SIRGAS2000,Sim,UTM 25 S (MER -33),Santa Mônica Enerqias Renováveis S.A.,514,RN,EOLCVRN031427-7-01,-35.80055853299996,-5.279830067999967,Nordeste
1.5,138.5,100.0,77.0,1666625847000,29056,Salto,AEG 13,419919.367,7058518.84,Versão Válida,SIRGAS2000,Sim,UTM 22 S (MER -51),Salto Energia Eólica S.A.,644,SC,EOLCVSC029056-4-01,-51.79154512799994,-26.609575280999934,Sul
0.6,65.0,45.0,40.0,1666625847000,28491,Eólica de Bom Jardim,1,640873.894,6859055.282,Versão Válida,SIRGAS2000,Sim,UTM 22 S (MER -51),Parque Eólico de Santa Catarina Ltda,645,SC,EOLCVSC028491-2-01,-49.561294862999944,-28.386884989999942,Sul
3.465,186.0,120.0,132.0,1666625847000,37076,São Fernando 3,SF3-05,826829.0378,9427720.2224,Versão Válida,SIRGAS2000,Sim,UTM 24 S (MER -39),Ventos de São Fernando III Energia S.A.,657,RN,EOLCVRN037076-2-01,-36.05223821599998,-5.170594347999952,Nordeste
2.70000005,150.0,89.0,122.0,1666625847000,30505,Asa Branca I,I-03,186458.0,9420610.0,Versão Válida,SIRGAS2000,Sim,UTM 25 S (MER -33),Nova Asa Branca I Energias Renováveis S.A.,679,RN,EOLCVRN030505-7-01,-35.82831024999996,-5.235384392999947,Nordeste
2.0,149.38,108.38,82.0,1666625847000,30285,Mangue Seco 1,MS1-13,798775.0,9427269.0,Versão Válida,SIRGAS2000,Sim,UTM 24 S (MER -39),Eólica Mangue Seco 1 – Geradora e Comercializadora de Energia Elétrica S.A.,692,RN,EOLCVRN030285-6-01,-36.305435615999954,-5.1762059069999395,Nordeste
1.6,121.25,80.0,82.5,1666625847000,30316,Candiba,CAN_4,756442.0,8430802.0,Versão Válida,SAD69,Sim,UTM 23 S (MER -45),Centrais Eólicas Candiba Ltda.,701,BA,EOLCVBA030316-0-01,-42.62445684299996,-14.18276050299994,Nordeste
2.7,150.0,89.0,122.0,1666625847000,30901,Pontal 3B,6,522638.0,6651506.0,Versão Válida,SIRGAS2000,Sim,UTM 22 S (MER -51),Enerplan Energia Eólica III S.A.,707,RS,EOLCVRS030901-0-01,-50.76464770999996,-30.267892022999945,Sul
1.6,121.25,80.0,82.5,1666625847000,30320,Alvorada,ALV_4,760329.0,8430179.0,Versão Válida,SAD69,Sim,UTM 23 S (MER -45),Centrais Eólicas Alvorada Ltda.,730,BA,EOLCVBA030320-8-01,-42.58840639699997,-14.188028957999961,Nordeste
3.0,178.0,120.0,116.0,1666625847000,30480,Atlântica V,V-09,566123.0,6646418.0,Versão Válida,SIRGAS2000,Sim,UTM 22 S (MER -51),Atlântica V Parque Eólico S.A.,732,RS,EOLCVRS030480-8-01,-50.31226105799993,-30.312211152999964,Sul
3.465,150.0,84.0,132.0,1666625847000,34644,Chafariz 4,CHA4-06,730792.0,9220732.0,Versão Válida,SIRGAS2000,Sim,UTM 24 S (MER -39),Chafariz 4 Energia Renovável S.A.,734,PB,EOLCVPB034644-6-01,-36.910714979999966,-7.045252963999928,Nordeste
1.8,124.0,80.0,88.0,1666625847000,28858,Taíba Albatroz,4,509132.975654,9612007.92823,Versão Válida,SAD69,Sim,UTM 24 S (MER -39),BVP Geradora de Energia S.A.,721,CE,EOLCVCE028858-6-01,-38.918118807999974,-3.510603569999944,Nordeste
2.5,148.0,90.0,116.0,1666625847000,31832,Umburanas 08,UMB_08_05,217271.0,8815420.0,Versão Válida,SIRGAS2000,Sim,UTM 24 S (MER -39),Centrais Eólicas Umburanas 6 S.A.,739,BA,EOLCVBA031832-9-01,-41.58469802199994,-10.705301506999945,Nordeste
1.8,130.0,80.0,100.0,1666625847000,30333,Cabeço Preto,AEG06,172982.29,9399119.06,Versão Válida,SIRGAS2000,Sim,UTM 25 S (MER -33),Gestamp Eólica Baixa Verde S.A,686,RN,EOLCVRN030333-0-01,-35.95101744699997,-5.429374361999976,Nordeste
0.8,99.6,75.6,48.0,1666625847000,29084,Camurim,27,282260.0,9273804.0,Versão Válida,SAD69,Sim,UTM 25 S (MER -33),Vale dos Ventos Geradora Eólica S.A,758,PB,EOLCVPB029084-0-01,-34.969569468999964,-6.566369806999944,Nordeste
1.6,121.25,80.0,82.5,1666625847000,30314,Serra do Salto,SSA_7,754916.0,8433368.0,Versão Válida,SAD69,Sim,UTM 23 S (MER -45),Centrais Eólicas Serra dos Saltos S.A.,760,BA,EOLCVBA030314-3-01,-42.638826663999964,-14.159718532999932,Nordeste
2.7,150.0,89.0,122.0,1666625847000,30871,Riachão II,AEG 1,228387.0,9385484.0,Versão Válida,SIRGAS2000,Sim,UTM 25 S (MER -33),Central Eólica Albuquerque Ltda,763,RN,EOLCVRN030871-4-01,-35.45161619999993,-5.55445354699998,Nordeste
2.3,139.0,98.0,82.0,1666625847000,30660,Juremas,JUR-02,184794.0,9403740.0,Versão Válida,SIRGAS2000,Sim,UTM 25 S (MER -33),SPE Juremas Energia S.A.,765,RN,EOLCVRN030660-6-01,-35.844007157999954,-5.3877423119999435,Nordeste
2.3,139.0,98.0,82.0,1666625847000,30343,Fazenda Rosário,4,558572.0,6631141.0,Versão Válida,SIRGAS2000,Sim,UTM 22 S (MER -51),Parques Eólicos Palmares S.A.,766,RS,EOLCVRS030343-7-01,-50.38993865899994,-30.450453513999946,Sul
3.0,125.0,80.0,90.0,1666625847000,30288,Pedra do Reino,PR1-07,293094.0,8947588.0,Versão Válida,SIRGAS2000,Sim,UTM 24 S (MER -39),Eólica Pedra do Reino S.A.,767,BA,EOLCVBA030288-0-01,-40.88523158899994,-9.51595515699995,Nordeste
1.6,121.25,80.0,82.5,1666625847000,30520,Asa Branca VI,AB-VI09,831921.80933255,9406246.0,Versão Válida,SIRGAS2000,Sim,UTM 24 S (MER -39),Asa Branca VI Energias Renováveis Ltda.,770,RN,EOLCVRN030520-0-01,-36.00541814099995,-5.3643265839999685,Nordeste
2.0,138.5,90.0,97.0,1666625847000,31121,Dois Riachos,Dois Riachos 09,230931.0,8689990.0,Versão Válida,SIRGAS2000,Sim,UTM 24 S (MER -39),Enel Green Power Dois Riachos Eólica S.A.,719,BA,EOLCVBA031121-9-01,-41.469562295999935,-11.839624399999934,Nordeste
2.0,139.0,98.0,82.0,1666625847000,30304,Santa Clara VI,SC-VI-15,177213.46,9421057.13,Versão Válida,SIRGAS2000,Sim,UTM 25 S (MER -33),Santa Clara VI Energias Renováveis Ltda.,795,RN,EOLCVRN030304-6-01,-35.911610278999945,-5.23096256599996,Nordeste
1.715,131.5,80.0,103.0,1666625847000,31574,Serra das Vacas IV,CSV4-03,749622.0,9014447.0,Versão Válida,SIRGAS2000,Sim,UTM 24 S (MER -39),Eólica Serra das Vacas IV S.A.,785,PE,EOLCVPE031574-5-01,-36.73006743499997,-8.908958736999978,Nordeste
2.5,148.0,90.0,116.0,1666625847000,31738,Umburanas 01,UMB_01_09,224387.0,8820297.0,Versão Válida,SIRGAS2000,Sim,UTM 24 S (MER -39),Centrais Eólicas Umburanas 1 S.A.,804,BA,EOLCVBA031738-1-01,-41.51932458099998,-10.661768259999974,Nordeste
2.0999999,137.0,80.0,114.0,1666625847000,34717,Ventos de Santa Emília,BA-05-06,256092.999993,8781391.000042,Versão Válida,SIRGAS2000,Sim,UTM 24 S (MER -39),Central Eólica Babilônia V S.A.,807,BA,EOLCVBA034717-5-01,-41.23227423299994,-11.015567920999956,Nordeste
4.2,200.0,125.0,150.0,1666625847000,40884,Serrote VII,SVII-4,463917.0,9632248.0,Versão Válida,SIRGAS2000,Sim,UTM 24 S (MER -39),Serrote Geração de Energia Elétrica S.A.,808,CE,EOLCVCE040884-0-01,-39.324810886999956,-3.3270764769999346,Nordeste
2.1,124.0,80.0,88.0,1666625847000,28630,Foz do Rio Choró,AEG 10,593523.0,9544401.0,Versão Válida,SAD69,Sim,UTM 24 S (MER -39),SIIF Cinco Geração e Comercialização de Energia S.A.,829,CE,EOLCVCE028630-3-01,-38.15773925299993,-4.121811266999941,Nordeste
2.1,137.5,90.0,95.0,1666625847000,30329,Faísa IV,4,471756.0,9633359.0,Versão Válida,SIRGAS2000,Sim,UTM 24 S (MER -39),Eólica Faísa IV Geração e Comercialização de Energia Ltda.,835,CE,EOLCVCE030329-1-01,-39.25424396899996,-3.3170461479999744,Nordeste
0.8,99.6,75.6,48.0,1666625847000,29089,Caravela,11,282490.0,9273538.0,Versão Válida,SAD69,Sim,UTM 25 S (MER -33),Vale dos Ventos Geradora Eólica S.A,840,PB,EOLCVPB029089-0-01,-34.96749960599993,-6.5687828359999685,Nordeste
1.6,123.0,80.0,86.0,1666625847000,30305,Novo Horizonte,NH 17,788236.0,8636556.0,Versão Válida,SIRGAS2000,Sim,UTM 23 S (MER -45),Novo Horizonte Energética S.A,856,BA,EOLCVBA030305-4-01,-42.34989971699997,-12.32074010499997,Nordeste
2.0,126.5,78.0,97.0,1666625847000,33756,Cataventos Acaraú I,CAI-08,381394.0,9685235.0,Versão Válida,SIRGAS2000,Sim,UTM 24 S (MER -39),Cataventos Acaraú – Geração de Energias Renováveis S.A.,885,CE,EOLCVCE033756-0-01,-40.06712900599996,-2.8472577459999684,Nordeste
0.8,98.0,74.0,48.0,1666625847000,29083,Presidente,36,281521.0,9272680.0,Versão Válida,SAD69,Sim,UTM 25 S (MER -33),Vale dos Ventos Geradora Eólica S.A.,903,PB,EOLCVPB029083-1-01,-34.97629024099996,-6.576505256999951,Nordeste
2.1,175.0,120.0,110.0,1666625847000,33645,São Miguel II,SM II 10,167591.0,9429511.0,Versão Válida,SIRGAS2000,Sim,UTM 25 S (MER -33),Central Geradora Eólica São Miguel II S.A,920,RN,EOLCVRN033645-9-01,-35.99796675199997,-5.154180317999931,Nordeste
2.0,130.0,80.0,100.0,1666625847000,30455,Sete Gamelerias,SG-03,267619.0,8907788.0000016,Versão Válida,SIRGAS2000,Sim,UTM 24 S (MER -39),Sete Gameleiras S.A.,72,BA,EOLCVBA030455-7-01,-41.11908175499997,-9.873939434999954,Nordeste
2.35,153.5,99.5,108.0,1666625847000,30807,Emiliana,6,756289.0,8459163.0,Versão Válida,SIRGAS2000,Sim,UTM 23 S (MER -45),Enel Green Power Emiliana Eólica S.A.,57,BA,EOLCVBA030807-2-01,-42.62810989199994,-13.926157749999959,Nordeste
0.8,99.6,75.6,48.0,1666625847000,29092,Mataraca,48,280999.0,9271472.0,Versão Válida,SAD69,Sim,UTM 25 S (MER -33),Vale dos Ventos Geradora Eólica S.A,59,PB,EOLCVPB029092-0-01,-34.981052516999966,-6.587407751999933,Nordeste
2.5,148.0,90.0,116.0,1666625847000,33637,Umburanas 23,UMB_23_04,214232.0,8823121.0,Versão Válida,SIRGAS2000,Sim,UTM 24 S (MER -39),Centrais Eólicas Umburanas 18 Ltda.,944,BA,EOLCVBA033637-8-01,-41.61186629799994,-10.635493476999955,Nordeste
0.8,99.6,75.6,48.0,1666625847000,29090,Coelhos II,31,282064.0,9273079.0,Versão Válida,SAD69,Sim,UTM 25 S (MER -33),Vale dos Ventos Geradora Eólica S.A,67,PB,EOLCVPB029090-4-01,-34.971367089999944,-6.572917383999936,Nordeste
2.7,150.0,89.0,122.0,1666625847000,30873,Riachão VII,AEG 4,227188.0,9385542.0,Versão Válida,SIRGAS2000,Sim,UTM 25 S (MER -33),Central Eólica Arena Ltda.,69,RN,EOLCVRN030873-0-01,-35.462429605999944,-5.553884331999939,Nordeste
3.465,186.0,120.0,132.0,1666625847000,36981,Ventos de Vila Paraíba I,VPB III-03,724261.0,9433205.0,Versão Válida,SIRGAS2000,Sim,UTM 24 S (MER -39),Ventos de Vila Paraíba I SPE S.A.,941,RN,EOLCVRN036981-0-01,-36.977005292999934,-5.124634690999926,Nordeste
2.3,139.0,98.0,82.0,1666625847000,30661,Macacos,MAC-06,185666.0,9404405.0,Versão Válida,SIRGAS2000,Sim,UTM 25 S (MER -33),SPE Macacos Energia S.A.,945,RN,EOLCVRN030661-4-01,-35.836118030999955,-5.38177049799998,Nordeste
1.5,123.5,85.0,77.0,1666625847000,30294,Cajucoco,19,394099.551643,9678449.0,Versão Válida,SIRGAS2000,Sim,UTM 24 S (MER -39),Nova Eólica Cajucoco S.A.,969,CE,EOLCVCE030294-5-01,-39.952876112999945,-2.9087433639999745,Nordeste
3.465,150.0,84.0,132.0,1666625847000,35184,Chafariz 6,CHA6-09,733990.0,9224415.0,Versão Válida,SIRGAS2000,Sim,UTM 24 S (MER -39),Chafariz 6 Energia Renovável S.A.,981,PB,EOLCVPB035184-9-01,-36.88192863599994,-7.0118293769999696,Nordeste
1.6,121.25,80.0,82.5,1666625847000,30317,Licínio de Almeida,LAL_3,752579.0,8431721.0,Versão Válida,SAD69,Sim,UTM 23 S (MER -45),Centrais Eólicas Licínio de Almeida Ltda.,988,BA,EOLCVBA030317-8-01,-42.66031168899997,-14.174810029999946,Nordeste
2.35,144.0,98.0,92.0,1666625847000,31335,Baraúnas I,BA-I-04,267360.0,8906084.0,Versão Válida,SIRGAS2000,Sim,UTM 24 S (MER -39),Baraúnas I Energética S.A.,911,BA,EOLCVBA031335-1-01,-41.12154119699994,-9.889326005999976,Nordeste
2.1,175.0,120.0,110.0,1666625847000,33640,São Bento do Norte I,SBN I 06,173932.0,9431991.0,Versão Válida,SIRGAS2000,Sim,UTM 25 S (MER -33),Central Geradora Eólica São Bento do Norte I S.A.,963,RN,EOLCVRN033640-8-01,-35.94072638599994,-5.1320415009999465,Nordeste
4.2,200.0,125.0,150.0,1652345066000,35161,Afonso Bezerra IV,AFB_IV-4,780182.0,9407141.0,Versão Válida,SIRGAS2000,Sim,UTM 24 S (MER -39),Afonso Bezerra IV Geração de Energia SPE S.A.,979,RN,EOLCVRN035161-0-01,-36.47190920299994,-5.358399670999972,Nordeste
4.2,200.0,125.0,150.0,1651596285000,35158,Afonso Bezerra I,AFB_I-4,776919.0,9409337.0,Versão Válida,SIRGAS2000,Sim,UTM 24 S (MER -39),Afonso Bezerra I Geração de Energia SPE S.A.,381,RN,EOLCVRN035158-0-01,-36.50141283599993,-5.338673403999962,Nordeste
4.2,200.0,125.0,150.0,1651596285000,35159,Afonso Bezerra II,AFB_II-6,780093.0,9404793.0,Versão Válida,SIRGAS2000,Sim,UTM 24 S (MER -39),Afonso Bezerra II Geração de Energia SPE S.A.,471,RN,EOLCVRN035159-8-01,-36.472624277999955,-5.37962341399998,Nordeste
4.2,200.0,125.0,150.0,1651595159000,40880,Serrote III,SIII-3,460002.0,9636941.0,Versão Válida,SIRGAS2000,Sim,UTM 24 S (MER -39),Serrote Geração de Energia Elétrica S.A.,324,CE,EOLCVCE040880-8-01,-39.36003706499997,-3.2846074099999782,Nordeste
4.2,200.0,125.0,150.0,1651595159000,40882,Serrote V,SV-3,457648.0,9633688.0,Versão Válida,SIRGAS2000,Sim,UTM 24 S (MER -39),Serrote Geração de Energia Elétrica S.A.,907,CE,EOLCVCE040882-4-01,-39.381237211999974,-3.3140287939999666,Nordeste
3.15,182.5,120.0,125.0,1621618641000,33020,Ventos de Santa Ângela 16,VSA16-08,217219.0,9030520.0,Versão Válida,SIRGAS2000,Sim,UTM 24 S (MER -39),Enel Green Power Ventos de Santa Ângela ACL 16 S.A.,88,PI,EOLCVPI033020-5-01,-41.57026002199996,-8.761761424999975,Nordeste
3.0,182.5,120.0,125.0,1616521690000,33016,Ventos de Santa Ângela 12,VSA12-08,231913.0,9028015.0,Versão Válida,SIRGAS2000,Sim,UTM 24 S (MER -39),Enel Green Power Ventos de Santa Ângela ACL 12 S.A.,504,PI,EOLCVPI033016-7-01,-41.43693586099994,-8.785283427999957,Nordeste
3.15,182.5,120.0,125.0,1615889408000,33022,Ventos de Santa Angela 18,VSA18-10,235020.457,9030475.036,Versão Válida,SIRGAS2000,Sim,UTM 24 S (MER -39),"Enel Green Power Brasil Participações Ltda., Enel Green Power Desenvolvimento Ltda.",635,PI,EOLCVPI033022-1-01,-41.40856262699998,-8.763233176999961,Nordeste
4.2,200.0,125.0,150.0,1614682364000,40883,Serrote VI,SVI-7,458362.0,9641528.0,Versão Válida,SIRGAS2000,Sim,UTM 24 S (MER -39),Serrote Geração de Energia Elétrica S.A.,456,CE,EOLCVCE040883-2-01,-39.37478373799996,-3.243104174999928,Nordeste
3.0,182.5,120.0,125.0,1614075854000,33024,Ventos de Santa Angela 20,VSA20-05,230082.0,9027097.0,Versão Válida,SIRGAS2000,Sim,UTM 24 S (MER -39),Enel Green Power Ventos de Santa Ângela 20 S.A.,891,PI,EOLCVPI033024-8-01,-41.45362398399993,-8.793471332999957,Nordeste
4.2,200.0,125.0,150.0,1611050970000,40881,Serrote IV,SIV-1,456646.0,9634390.0,Versão Válida,SIRGAS2000,Não,UTM 24 S (MER -39),Serrote IV Geração de Energia Elétrica S.A.,48,CE,EOLCVCE040881-6-01,-39.39025422399993,-3.307674411999926,Nordeste
3.15,182.5,120.0,125.0,1609774555000,33010,Ventos de Santa Angela 06,VSA06-04,229763.0,9060310.0,Versão Válida,SIRGAS2000,Sim,UTM 24 S (MER -39),Enel Green Power Ventos de Santa Ângela 6 S.A.,976,PI,EOLCVPI033010-8-01,-41.45457816499993,-8.49330979299998,Nordeste
3.15,182.5,120.0,125.0,1609774555000,33013,Ventos de Santa Angela 09,VSA09-01,227087.0,9049015.0,Versão Válida,SIRGAS2000,Sim,UTM 24 S (MER -39),Enel Green Power Ventos de Santa Ângela 9 S.A.,860,PI,EOLCVPI033013-2-01,-41.47952853299995,-8.595226441999955,Nordeste
